rouge1,rougeL,meteor,cider,architecture,id,clip_L14,J,scst_adv,hybrid,caption
0.5,0.5,0.32877604166666663,0.20940475251355312,BLIP-base,0,0.18296646,0.17364451,-0.009321943,0.3315843242133035,a man standing in the grass
0.2222222222222222,0.2222222222222222,0.08771929824561403,7.766742086224679e-07,BLIP-base,1,0.19528952,0.14285429,-0.052435234,0.2528159362615712,a metal tower
0.7368421052631579,0.7368421052631579,0.551907719609583,1.392596812282029,BLIP-base,2,0.18604234,0.19307755,0.0070352107,0.42981880255952665,a little girl in a pink dress
0.7692307692307693,0.7692307692307693,0.4831168831168831,1.724674065202286,BLIP-base,3,0.25055718,0.23198397,-0.01857321,0.5534128875358737,a man on a ladder
0.6666666666666666,0.6666666666666666,0.4694736842105263,1.0379955116439372,BLIP-base,4,0.2615657,0.15517,-0.10639569,0.5525032219145858,two men in a kitchen
0.4,0.4,0.15151515151515152,0.06119636118582198,BLIP-base,5,0.14130113,0.16905038,0.027749255,0.19161004804399345,a man wearing a black shirt
0.6666666666666666,0.6666666666666666,0.39062499999999994,0.5357072637140178,BLIP-base,6,0.2182758,0.19522515,-0.023050651,0.4489158233481281,a man sitting on a chair
0.3333333333333333,0.3333333333333333,0.14705882352941174,0.03536926265624589,BLIP-base,7,0.25384283,0.23885593,-0.0149869025,0.4056870357129682,a woman on a skateboard
0.42857142857142855,0.42857142857142855,0.41218637992831536,0.3009648502865593,BLIP-base,8,0.20820977,0.16251104,-0.045698732,0.3851891446026698,a group of people standing on a sidewalk
0.13333333333333333,0.13333333333333333,0.07042253521126761,0.0010229982072019702,BLIP-base,9,0.20828256,0.18720521,-0.02107735,0.25793642247829573,a man doing a trick on a skateboard
0.30769230769230765,0.30769230769230765,0.11764705882352941,0.13460748348414459,BLIP-base,10,0.24994557,0.21703097,-0.032914594,0.3867705045769137,a group of dancers
0.47058823529411764,0.23529411764705882,0.17699115044247785,0.16808369921443117,BLIP-base,11,0.2607421,0.17365941,-0.087082684,0.40606148018817084,a group of people jumping
0.5555555555555556,0.5555555555555556,0.42456140350877203,0.599825868498054,BLIP-base,12,0.26998705,0.22726353,-0.04272352,0.5383820787020812,two dogs playing on the road
0.8,0.7000000000000001,0.6054687499999999,1.0127153367183457,BLIP-base,13,0.23747748,0.1929523,-0.044525176,0.5375036819326353,a man driving a tractor down a street
0.761904761904762,0.761904761904762,0.7282110091743119,0.7671307015213833,BLIP-base,14,0.23112844,0.19310169,-0.03802675,0.5615534485913222,a group of people standing in front of a building
0.42857142857142855,0.42857142857142855,0.17441860465116277,0.05606511866144599,BLIP-base,15,0.23902768,0.17021239,-0.06881529,0.4001526623109931,a woman in a kitchen
0.4,0.4,0.33844189016602805,0.33345612874629427,BLIP-base,16,0.18531509,0.24883284,0.06351775,0.3182819172308605,a child sitting in the grass
0.5555555555555556,0.5555555555555556,0.4247619047619048,0.6048247968108993,BLIP-base,17,0.23162836,0.23148592,-0.0001424402,0.46060791994163885,a woman laying on a bench
0.4,0.4,0.33844189016602805,0.11721811554222542,BLIP-base,18,0.17969836,0.1373874,-0.042310968,0.30688785572628896,a woman sitting in a chair
0.3,0.3,0.1825396825396825,0.03383301948337533,BLIP-base,19,0.191989,0.21303916,0.021050155,0.2806401534315633,a woman playing a violin
0.5882352941176471,0.5882352941176471,0.4310344827586207,0.19110854398136384,BLIP-base,20,0.23012632,0.19842595,-0.031700373,0.46535135779612735,a man standing on a boat
0.4210526315789474,0.4210526315789474,0.20202020202020204,0.12422271146072913,BLIP-base,21,0.22233565,0.19894695,-0.023388699,0.3703078521699911,a man walking down a street with a skateboard
0.5000000000000001,0.5000000000000001,0.3034855769230769,0.2537354488118304,BLIP-base,22,0.20625944,0.17655124,-0.029708207,0.3737782808275178,man wearing a black shirt
0.3157894736842105,0.28571428571428575,0.41218637992831536,0.2564752158256686,BLIP-base,23,0.27053732,0.20636709,-0.06417023,0.48305509537573377,a group of children playing with a frc
0.4999999999999999,0.4999999999999999,0.3993055555555555,0.12412541114681533,BLIP-base,24,0.2096917,0.2194723,0.009780601,0.39990494132287224,a man is walking down the street with a red umbrella
0.6666666666666666,0.5333333333333333,0.4152960526315789,0.5182625169673694,BLIP-base,25,0.22281432,0.23159596,0.008781642,0.43639019040865934,man wearing a hat
0.2222222222222222,0.2222222222222222,0.07246376811594203,0.1815174321556008,BLIP-base,26,0.23712368,0.18954614,-0.047577545,0.3346294164543155,a man painting
0.16666666666666666,0.16666666666666666,0.05952380952380952,1.600665290755668e-06,BLIP-base,27,0.14844203,0.13847099,-0.0099710375,0.141031119383656,a large building
0.7142857142857143,0.7142857142857143,0.6371428571428571,1.2723076520429422,BLIP-base,28,0.2594988,0.23662435,-0.02287446,0.5913680018078327,a young girl climbing on a rope
0.4761904761904762,0.47058823529411764,0.32538659793814434,0.07758473924768608,BLIP-base,29,0.21150386,0.17419766,-0.037306204,0.3829149363414466,a man sitting on a bus seat
0.47058823529411764,0.47058823529411764,0.3506944444444444,0.3200436538912244,BLIP-base,30,0.18846692,0.21612936,0.027662441,0.34124387114358706,a man holding a baseball bat on a field
0.5,0.5,0.32538659793814434,0.28694205883243107,BLIP-base,31,0.2157219,0.19227505,-0.023446858,0.39735398970067204,a man standing next to a urde
0.5263157894736842,0.5263157894736842,0.5318681318681319,1.140867636758517,BLIP-base,32,0.23489599,0.15694618,-0.07794981,0.48280991325215505,a group of people walking on a beach at sunset
0.6,0.6,0.42592592592592593,0.45868590587408764,BLIP-base,33,0.24399447,0.15035234,-0.09364213,0.494815459277418,a man sitting in a restaurant
0.4705882352941177,0.4705882352941177,0.35714285714285715,0.5453171021877768,BLIP-base,34,0.27226025,0.16714177,-0.10511848,0.5125163123960343,a dog running in a yard
0.5333333333333333,0.5333333333333333,0.3627873563218391,0.2523719531977454,BLIP-base,35,0.25162783,0.21143162,-0.04019621,0.48433940748849935,a police officer with a dog
0.7777777777777778,0.7777777777777778,0.7471655328798186,2.156318707728699,BLIP-base,36,0.27988508,0.26586875,-0.01401633,0.667426460845058,a man riding a bike down a snowy road
0.4,0.3,0.23910984848484848,0.023990527461538944,BLIP-base,37,0.23778881,0.21185827,-0.025930539,0.38486346415816464,a man in a white shirt
0.5714285714285715,0.5263157894736842,0.40487804878048783,0.5158380012179881,BLIP-base,38,0.24997398,0.16106659,-0.08890739,0.4879990445351662,a man working in a factory
0.37037037037037035,0.35714285714285715,0.22822085889570554,0.00478824712999738,BLIP-base,39,0.22363189,0.19798982,-0.025642067,0.36539556930770234,a man standing in front of a convey with bottles
0.19999999999999998,0.19999999999999998,0.18566176470588236,0.0021051152768890966,BLIP-base,40,0.25443456,0.1833018,-0.07113275,0.38794132812394005,a group of people are cleaning the ground
0.27272727272727276,0.25,0.1388888888888889,0.0011411709161321117,BLIP-base,41,0.21155703,0.16667041,-0.04488662,0.3016056025008627,a group of people standing around a small building
0.5384615384615384,0.5384615384615384,0.3886723228617289,0.49220794236323195,BLIP-base,42,0.19569772,0.1581162,-0.03758152,0.3770824819661548,a little girl sitting in the grass
0.4,0.3,0.2720905172413793,0.2895818355127121,BLIP-base,43,0.22572564,0.23546535,0.009739712,0.3669882956194558,a group of people walking around a plaza
0.18181818181818182,0.18181818181818182,0.07462686567164178,6.954610032829904e-07,BLIP-base,44,0.23812747,0.13926838,-0.09885909,0.32901750542312236,a white robot statue
0.47058823529411764,0.3333333333333333,0.2611019736842105,0.6250183812028873,BLIP-base,45,0.24827367,0.18373089,-0.064542785,0.41719809337883673,a bride and groom walking down the street
0.6,0.6,0.5208333333333333,0.8688395875372594,BLIP-base,46,0.31172583,0.23851763,-0.0732082,0.6511964476123389,a boy playing with a mcdonald mcdonald vending machine
0.5263157894736842,0.5263157894736842,0.39349593495934965,0.6530521658358212,BLIP-base,47,0.2673369,0.20355552,-0.06378138,0.5209449664630736,a dog playing with a ball
0.25,0.25,0.08333333333333334,1.91596772255042e-06,BLIP-base,48,0.15118332,0.18978566,0.038602337,0.16802066341388638,a red table
0.4444444444444445,0.4444444444444445,0.49387755102040815,0.6807263395256301,BLIP-base,49,0.21269272,0.17869493,-0.03399779,0.4137960833917108,a man and woman sitting on a bench
0.4761904761904762,0.380952380952381,0.3611940298507463,0.1557041513682351,BLIP-base,50,0.19565159,0.20493977,0.009288177,0.3399914046516534,a group of people sitting at a table
0.3809523809523809,0.3333333333333333,0.14184397163120568,0.0031957496470514943,BLIP-base,51,0.17858183,0.20468616,0.026104331,0.2519699528676577,a man in a white suit
0.5,0.375,0.35866477272727276,0.10532385109136042,BLIP-base,52,0.17192963,0.15012857,-0.021801054,0.29017281151259816,people watching a man doing a trick
0.42857142857142855,0.42857142857142855,0.1825396825396825,0.009038779680404644,BLIP-base,53,0.20694529,0.1641121,-0.04283318,0.336694681253383,a man holding a bat
0.5454545454545454,0.5454545454545454,0.40487804878048783,0.7062285921317901,BLIP-base,54,0.21497822,0.18280073,-0.032177493,0.42083454861757386,a man in a red jacket
0.25,0.2,0.08522727272727271,0.007660171002155789,BLIP-base,55,0.17707248,0.152977,-0.024095476,0.21091807880519814,a boy carrying a girl
0.6666666666666666,0.6666666666666666,0.6816901408450705,0.37984036998266524,BLIP-base,56,0.23631881,0.23843724,0.0021184236,0.5437308216246537,a young boy is walking down the street
0.47058823529411764,0.47058823529411764,0.4323630136986301,0.8310119485318122,BLIP-base,57,0.20755875,0.19085225,-0.016706496,0.3963071829472745,a dog is sitting on a log in the grass
0.5,0.3333333333333333,0.3362573099415205,0.2917492362778642,BLIP-base,58,0.23133016,0.1870188,-0.04431136,0.3978576252488819,a group of people walking across a crosswalk
0.5714285714285714,0.5714285714285714,0.40888888888888886,0.5955762102450918,BLIP-base,59,0.2587471,0.16635384,-0.092393264,0.5156208763493249,a man riding a bike across a bridge
0.35714285714285715,0.35714285714285715,0.19531249999999997,0.025895059352527703,BLIP-base,60,0.18871343,0.21080793,0.022094503,0.2879784754948793,a man sitting on the ground
0.923076923076923,0.923076923076923,0.8534621578099838,2.706564476447303,BLIP-base,61,0.26438212,0.2392455,-0.02513662,0.6862963824763326,a dog running in the snow
0.5,0.5,0.3362573099415205,0.27400686174472433,BLIP-base,62,0.24140437,0.2259118,-0.015492573,0.4516274611007975,a group of people
0.39999999999999997,0.39999999999999997,0.28586839266450914,0.5317154118268446,BLIP-base,63,0.25953174,0.16417158,-0.09536016,0.45832277087903384,a man on skis
0.375,0.375,0.13392857142857142,0.2518411324162453,BLIP-base,64,0.2396625,0.23590288,-0.0037596226,0.3826281614058671,a large rock wall
0.5,0.5,0.3378787878787879,0.1166732527097383,BLIP-base,65,0.25866482,0.20813504,-0.050529778,0.48696622048683774,a woman jumping in the air
0.45454545454545453,0.45454545454545453,0.31525423728813556,0.3440983928164225,BLIP-base,66,0.2385124,0.14471404,-0.093798354,0.43246929502215614,a man is playing with a toy in a yard
0.631578947368421,0.34782608695652173,0.30303030303030304,1.2847149568820857,BLIP-base,67,0.2567093,0.195663,-0.061046302,0.4455948039559764,a truck with a load of cotton on top
0.5555555555555556,0.5555555555555556,0.3912280701754387,0.20478722821104361,BLIP-base,68,0.17750561,0.19971745,0.022211835,0.344107999098071,a woman wearing a red jacket
0.39999999999999997,0.39999999999999997,0.23662551440329216,0.05460657274879219,BLIP-base,69,0.28055042,0.1870546,-0.093495816,0.4911126008666894,a man standing next to a giant red car
0.6,0.5,0.4383680555555556,1.2755540709584583,BLIP-base,70,0.33202577,0.32914498,-0.002880782,0.6558837597412646,a dog running through a hose in a yard
0.6923076923076923,0.6153846153846154,0.5735930735930735,0.7474099748681194,BLIP-base,71,0.3137222,0.2273778,-0.08634439,0.668875142040939,a man and a little girl in a shopping cart
0.42857142857142855,0.42857142857142855,0.32763532763532766,0.5262510564132754,BLIP-base,72,0.22034627,0.2238777,0.0035314262,0.39289899052411936,a dog running in the grass
0.4705882352941177,0.4705882352941177,0.3779761904761905,0.6970674297840733,BLIP-base,73,0.22351956,0.22212097,-0.0013985932,0.41780784937015336,two people sitting at a table
0.5333333333333333,0.5333333333333333,0.2587090163934426,0.15260562429197813,BLIP-base,74,0.23544112,0.2136778,-0.021763325,0.4306874454797761,a dog catching a frur
0.2,0.16666666666666666,0.08333333333333333,0.9547668908205529,BLIP-base,75,0.19851525,0.18451685,-0.013998404,0.24737133093648778,a man and a woman hiking
0.375,0.375,0.35493827160493824,0.2201780391509797,BLIP-base,76,0.25416535,0.27719876,0.02303341,0.4562505227387602,a man standing in front of a wooden table
0.5333333333333333,0.5333333333333333,0.4561781609195403,0.7285798634634435,BLIP-base,77,0.23028788,0.20199662,-0.028291255,0.4597274378786683,a man sitting on the floor
0.5,0.5,0.3758169934640523,0.34709970669435863,BLIP-base,78,0.17808646,0.16943547,-0.008650988,0.33109297673520344,a man in a car
0.3,0.23529411764705882,0.10135135135135134,0.014840936397546176,BLIP-base,79,0.20078431,0.18712518,-0.0136591345,0.2693034282528442,a body of water
0.5882352941176471,0.5882352941176471,0.46095238095238095,0.22930326079380914,BLIP-base,80,0.16985342,0.18972513,0.019871712,0.34906560476872106,a woman sitting on the grass
0.4761904761904762,0.2857142857142857,0.2,0.41069972099957563,BLIP-base,81,0.24990934,0.19195817,-0.057951167,0.39877200311018846,a police car parked in a parking lot
0.46153846153846156,0.4,0.32327586206896547,0.42500519445192597,BLIP-base,82,0.18901926,0.18209636,-0.0069229007,0.32276298471904014,the water is wavy
0.7058823529411764,0.7058823529411764,0.700152207001522,1.1656887778130118,BLIP-base,83,0.28784233,0.18450116,-0.10334118,0.659786751259962,a man standing on a frozen lake with a dog
0.6153846153846153,0.6153846153846153,0.6463768115942029,1.4798734648359293,BLIP-base,84,0.2691537,0.23092327,-0.03823045,0.593020477724736,two dogs running on the beach
0.7499999999999999,0.5,0.3125,0.712365987090301,BLIP-base,85,0.25305226,0.20025387,-0.05279839,0.47050486536611213,ice climbing wall
0.15384615384615383,0.15384615384615383,0.058823529411764705,1.1780701437660219e-06,BLIP-base,86,0.1735749,0.17970316,0.0061282665,0.1893113747178188,a clear blue sky
0.5714285714285715,0.5714285714285715,0.48076923076923084,0.7162051489787111,BLIP-base,87,0.29826486,0.19058332,-0.10768154,0.6101624917143245,a man is shoveling snow off a street sign
0.7692307692307692,0.7692307692307692,0.7014492753623188,1.776187676172741,BLIP-base,88,0.24242878,0.21902847,-0.023400307,0.5805901217127691,a couple cutting their wedding cake
0.7058823529411765,0.7058823529411765,0.66167290886392,0.6242879221275137,BLIP-base,89,0.25368598,0.2493316,-0.0043543875,0.5828014722771999,a group of people standing in the snow
0.5000000000000001,0.5000000000000001,0.3605769230769231,0.23330228381589505,BLIP-base,90,0.18953633,0.21426752,0.024731189,0.35127212334292707,a dog with a frck
0.26666666666666666,0.26666666666666666,0.0970873786407767,0.001720287991978888,BLIP-base,91,0.14967702,0.17028144,0.020604417,0.17104913502126895,a bunch of bananas
0.19047619047619047,0.19047619047619047,0.06578947368421052,0.009086955729902655,BLIP-base,92,0.19660449,0.19204,-0.004564494,0.24474830278284715,a crowd of people
0.5555555555555556,0.4444444444444445,0.25510204081632654,0.3106233231330604,BLIP-base,93,0.31202668,0.18697129,-0.12505539,0.5675493899420956,a boy doing a trick on a skateboard
0.7142857142857143,0.7142857142857143,0.7193548387096775,1.844613045463617,BLIP-base,94,0.30069214,0.16066828,-0.14002386,0.6913750108300538,a man and a child in a kayak
0.5,0.42857142857142855,0.3585185185185185,0.409244055757457,BLIP-base,95,0.2670847,0.23364078,-0.033443913,0.4938889646364225,a woman and a child sitting on a bench
0.6666666666666665,0.4444444444444445,0.5739795918367346,0.6030095716204299,BLIP-base,96,0.24290562,0.19119984,-0.051705778,0.4911062297193629,a group of men working on a street
0.2,0.2,0.07575757575757576,1.22018062544793e-06,BLIP-base,97,0.17525575,0.17006007,-0.0051956773,0.20533871980088908,a blue sky
0.36363636363636365,0.19047619047619044,0.13333333333333333,0.05272756017057841,BLIP-base,98,0.27674007,0.14937069,-0.12736939,0.4208197520968608,a large advertisement on a wall
0.7368421052631577,0.47058823529411764,0.3535353535353535,1.6036629704458378,BLIP-base,99,0.27033678,0.24597643,-0.024360344,0.5078928658404492,a person laying on a couch in a room
0.26666666666666666,0.26666666666666666,0.19736842105263158,0.0824577044178635,BLIP-base,100,0.19698969,0.16340828,-0.033581406,0.2870835923365959,a man holding a child
0.8181818181818182,0.8181818181818182,0.782267115600449,1.6204713348693986,BLIP-base,101,0.2754733,0.18343973,-0.092033565,0.6735778550420674,a group of people walking down a street holding rainbow flags
0.24,0.24,0.10344827586206895,0.6542684360276358,BLIP-base,102,0.29198858,0.27841935,-0.013569236,0.4556805542998501,a group of people standing around a table of fish
0.6666666666666667,0.6666666666666667,0.5563218390804598,1.2703174827643076,BLIP-base,103,0.2698084,0.19686842,-0.07293999,0.5865940096539011,a woman in a green skirt
0.7000000000000001,0.5,0.4934904996481352,0.9303973321624468,BLIP-base,104,0.28091663,0.23959133,-0.0413253,0.5632284917414314,a group of people sitting on the steps
0.2222222222222222,0.2222222222222222,0.1358695652173913,0.0,BLIP-base,105,0.28265333,0.1818783,-0.10077503,0.43967181202784456,two dogs playing
0.4444444444444444,0.4444444444444444,0.2768640350877193,0.36087366021789474,BLIP-base,106,0.2438691,0.24369597,-0.00017312169,0.4336376280125792,a boy wearing a red jacket
0.36363636363636365,0.36363636363636365,0.2798507462686567,0.25290954110336467,BLIP-base,107,0.28126398,0.2099716,-0.07129237,0.4939324384298027,a large metal sculpture
0.4705882352941177,0.4705882352941177,0.35714285714285715,0.4201528869311564,BLIP-base,108,0.16849911,0.20168994,0.03319083,0.3020269474116569,a boy wearing a red hat
0.3478260869565218,0.3478260869565218,0.277534965034965,0.268461044923868,BLIP-base,109,0.19870123,0.14221609,-0.056485146,0.3228208223341127,a person sitting on a snow covered beach
0.42857142857142855,0.42857142857142855,0.17441860465116277,0.7426292330109251,BLIP-base,110,0.22094466,0.18665238,-0.03429228,0.3634695288765692,a woman and two dogs
0.6956521739130435,0.6956521739130435,0.7281553398058254,0.7316802868737533,BLIP-base,111,0.2861089,0.18385413,-0.10225478,0.6598249295410528,a man is walking down a street in front of a tall building
0.5882352941176471,0.5882352941176471,0.5506172839506173,0.45313887591374397,BLIP-base,112,0.33331862,0.24183208,-0.09148654,0.6986033430406706,a woman walking with a baby in a stroll
0.4,0.4,0.2652652652652652,0.43596150470901474,BLIP-base,113,0.24696107,0.23245107,-0.014510006,0.42870135356553574,a fruit stand
0.9411764705882353,0.9411764705882353,0.8918539325842695,2.364668997485904,BLIP-base,114,0.26275054,0.21756192,-0.04518862,0.6942848155304895,two children sitting at a table eating food
0.5,0.375,0.2410901467505241,0.35261236257675904,BLIP-base,115,0.23232281,0.22121459,-0.01110822,0.3891712228474059,a boy eating a piece of pizza
0.7272727272727273,0.7272727272727273,0.5597014925373134,1.8444489864475115,BLIP-base,116,0.2301254,0.17217305,-0.057952344,0.5188903722203984,a man playing guitar
0.4375,0.37499999999999994,0.23057299843014128,0.17491037134436757,BLIP-base,117,0.19184388,0.21480066,0.022956774,0.30495242195758776,a young boy swinging a bat at a baseball game
0.5555555555555556,0.5555555555555556,0.3263157894736843,0.1902412016447762,BLIP-base,118,0.26166412,0.18581085,-0.07585327,0.5018491097347844,a man in a red kayak
0.5714285714285714,0.5714285714285714,0.4229323308270677,1.0238441864993697,BLIP-base,119,0.24983847,0.21940288,-0.030435592,0.5003575600189076,a man playing a guitar on stage
0.4705882352941177,0.4705882352941177,0.35714285714285715,0.14400722601149213,BLIP-base,120,0.2289935,0.16073745,-0.06825605,0.42474559541905443,a man working on a sidewalk
0.5833333333333334,0.5833333333333334,0.46668667466986796,0.37864775956009467,BLIP-base,121,0.2833565,0.21128526,-0.072071224,0.5794838751611752,a woman sitting at a table with plates of food
0.4705882352941177,0.4705882352941177,0.30059523809523814,0.2569757913427698,BLIP-base,122,0.24588367,0.18718818,-0.058695495,0.4476993892217308,a woman laying on the grass
0.5333333333333333,0.36363636363636365,0.3140845070422535,0.8762166207382504,BLIP-base,123,0.20611803,0.19630536,-0.009812668,0.3483384718049203,a bridge with a bird on it
0.5263157894736842,0.5263157894736842,0.41682242990654206,0.35945921577553724,BLIP-base,124,0.29291707,0.17109886,-0.121818215,0.5775020762995399,a man taking a picture of a bride
0.7777777777777777,0.7777777777777777,0.6861724281549355,1.1565154352172011,BLIP-base,125,0.25946644,0.12986246,-0.12960398,0.6138066725648793,a baby standing in a field of grass
0.7692307692307693,0.7692307692307693,0.6467532467532467,1.2995004773952705,BLIP-base,126,0.23404057,0.14161313,-0.09242745,0.5526346390913073,a man and a dog
0.5555555555555556,0.4444444444444445,0.300453514739229,0.30858786931638255,BLIP-base,127,0.250194,0.18372908,-0.06646493,0.4511862216764444,a group of people sitting on a hill
0.28571428571428575,0.28571428571428575,0.09803921568627451,0.022238759949038726,BLIP-base,128,0.15344921,0.19210008,0.03865087,0.18270126188902208,a white fence
0.8571428571428571,0.8571428571428571,0.7674501424501425,1.6574484567417938,BLIP-base,129,0.18802427,0.14120346,-0.046820804,0.5010079694573938,a boy in a green shirt
0.35294117647058826,0.30303030303030304,0.1851851851851852,0.04456003334072668,BLIP-base,130,0.20967843,0.16141775,-0.048260674,0.31765999432626335,a man and a woman sitting on a bench
0.4761904761904762,0.4761904761904762,0.40888888888888886,0.26650976044387353,BLIP-base,131,0.21937382,0.20899503,-0.010378793,0.4167008051424741,a man and woman sitting on a bench
0.7272727272727272,0.7272727272727272,0.6726694915254237,0.8228413360582278,BLIP-base,132,0.21878913,0.15275018,-0.06603895,0.5184872728615043,a man playing a flute
0.7272727272727272,0.7272727272727272,0.778186274509804,0.99435377391657,BLIP-base,133,0.30314073,0.20624007,-0.09690066,0.7107058961945254,a group of people standing in front of a small ice house
0.375,0.375,0.24537037037037038,0.18967086160779317,BLIP-base,134,0.21104158,0.18856393,-0.022477657,0.34685626727342356,a baseball game
0.5714285714285714,0.5714285714285714,0.3546348314606741,0.8703953447417261,BLIP-base,135,0.24098735,0.213857,-0.02713035,0.4687427069279691,a man riding a bike down a street
0.6666666666666666,0.6250000000000001,0.5499999999999999,0.385593922785316,BLIP-base,136,0.23778877,0.18821044,-0.049578324,0.5120414037759135,a man is working on a wall
0.5454545454545454,0.5454545454545454,0.43314500941619577,0.04324204635864534,BLIP-base,137,0.18520363,0.20081632,0.015612692,0.3660873415366801,a man on a scr
0.5,0.5,0.2818181818181818,0.2718907359185549,BLIP-base,138,0.23234558,0.21801217,-0.014333412,0.422363018897631,a man sitting in a train
0.5,0.5,0.42592592592592593,0.9793216772584932,BLIP-base,139,0.22923002,0.22731793,-0.0019120872,0.4448643477126566,a woman walking across a crosswalk
0.42105263157894735,0.42105263157894735,0.3048780487804878,0.01673379074382822,BLIP-base,140,0.20984331,0.1528033,-0.057040006,0.36553751030152815,a man sitting on the ground
0.6666666666666666,0.6666666666666666,0.654320987654321,1.918327693809407,BLIP-base,141,0.23272511,0.21448255,-0.018242568,0.5309668314378424,a group of people sitting at a table eating
0.6923076923076923,0.6923076923076923,0.5735930735930735,1.4014254576846246,BLIP-base,142,0.31861988,0.21823227,-0.1003876,0.6941951764061651,a woman carrying a basket of fruit on her head
1.0,1.0,0.9976851851851852,1.5852452392001524,BLIP-base,143,0.24532904,0.14310004,-0.102229,0.6918745992937423,a man standing in a hole
0.5,0.5,0.3423772609819121,0.4868133177106827,BLIP-base,144,0.20581342,0.18240109,-0.023412332,0.3806518203576668,a boy on a bike
0.3,0.2352941176470588,0.1825396825396825,0.014567661321152219,BLIP-base,145,0.21384291,0.15445085,-0.059392065,0.3120317161713662,a man and woman cooking
0.7058823529411765,0.7058823529411765,0.6944444444444445,1.009611977266794,BLIP-base,146,0.24983938,0.20812485,-0.041714534,0.5815525829789605,a baby in a pink and white striped sweater
0.3,0.2222222222222222,0.1536885245901639,0.02777711209753449,BLIP-base,147,0.23644128,0.17394006,-0.06250122,0.3494900569275744,a woman with a headdre
0.5263157894736842,0.42105263157894735,0.30243902439024395,0.07564726436257141,BLIP-base,148,0.2088856,0.17930621,-0.029579386,0.3631068941817691,a man in a black kima
0.8421052631578948,0.8421052631578948,0.7469334112149533,1.8140716960517869,BLIP-base,149,0.25834173,0.18629026,-0.072051466,0.6365427850280645,a group of people sitting on a wall
0.39999999999999997,0.39999999999999997,0.3472222222222222,0.16018869666224403,BLIP-base,150,0.3152813,0.21149516,-0.10378614,0.5836868490231242,a group of people hiking through a narrow canyon
0.761904761904762,0.761904761904762,0.6002938034188035,0.4799846740143744,BLIP-base,151,0.2484791,0.20190056,-0.04657854,0.5711674741368066,a man in a suit standing in a room
0.30769230769230765,0.30769230769230765,0.3073770491803279,0.29410034986984396,BLIP-base,152,0.25187963,0.18357313,-0.068306506,0.4286399408940654,a group of people cleaning a street
0.2608695652173913,0.2608695652173913,0.09433962264150944,0.004102365535394965,BLIP-base,153,0.24330562,0.20151278,-0.04179284,0.3592747119334691,a woman sitting on the sidewalk
0.4545454545454545,0.4545454545454545,0.2619718309859155,0.14469460875832557,BLIP-base,154,0.28810406,0.22517127,-0.06293279,0.5224142284722553,a little girl running in the grass
0.5714285714285715,0.5714285714285715,0.39893617021276595,0.29144836569447063,BLIP-base,155,0.25867036,0.25005224,-0.008618116,0.5134746562142494,a boy sitting on the ground
0.6666666666666666,0.6666666666666666,0.45454545454545453,0.024260773124975158,BLIP-base,156,0.26369002,0.25891316,-0.0047768652,0.5538270010137119,two boys on skateboards
0.6153846153846153,0.6153846153846153,0.7014492753623188,1.286755291299638,BLIP-base,157,0.24846344,0.16012502,-0.08833842,0.5620627691445399,two children sitting in the grass
0.5555555555555556,0.5555555555555556,0.42456140350877203,0.5100926861333672,BLIP-base,158,0.17996877,0.23245363,0.052484855,0.3557714247735395,a woman sitting on a bench
0.5333333333333333,0.5333333333333333,0.3627873563218391,0.07783987043883667,BLIP-base,159,0.16605394,0.15095843,-0.015095502,0.3107445935580713,a man in a black hat
0.8000000000000002,0.6153846153846154,0.6312500000000001,0.9148655964056945,BLIP-base,160,0.27133775,0.23086418,-0.040473565,0.5944256355172206,a woman paddles a canoe
0.7692307692307693,0.7692307692307693,0.635593220338983,1.2010300446654694,BLIP-base,161,0.22263871,0.22052196,-0.0021167547,0.5272728691155999,a girl in the water
0.5263157894736842,0.5263157894736842,0.49010989010989015,0.6495683360311245,BLIP-base,162,0.23904432,0.16279112,-0.076253206,0.4828735567363224,a man in a red coat jumping in the air
0.6666666666666665,0.6666666666666665,0.5739795918367346,0.8530808787889985,BLIP-base,163,0.26605767,0.1552783,-0.110779375,0.582516823262703,a couple sitting at a table with food
0.5,0.3,0.30000000000000004,0.16026723864257617,BLIP-base,164,0.2064749,0.19206029,-0.0144146085,0.3335182382711436,a white plate with food on it
0.47619047619047616,0.47619047619047616,0.38490853658536583,0.2568015614304081,BLIP-base,165,0.22203286,0.2446738,0.022640944,0.41729884636553016,a group of people playing a game in a room
0.4,0.4,0.2690058479532163,0.012631730105792986,BLIP-base,166,0.18984249,0.1917183,0.0018758029,0.3135789815825223,a man on a ledge
0.5,0.4705882352941177,0.32763532763532766,0.30931937883918964,BLIP-base,167,0.25171077,0.17171596,-0.07999481,0.4649282335689014,a young boy in a kitchen
0.2,0.2,0.08620689655172413,4.177039335508936e-07,BLIP-base,168,0.15940994,0.15688379,-0.0025261492,0.17528385589313802,a clear blue sky
0.4210526315789474,0.4210526315789474,0.3188131313131313,0.19529238526882098,BLIP-base,169,0.23133166,0.20245245,-0.02887921,0.4119157022434697,a woman is taking a picture of a car
0.5454545454545454,0.5454545454545454,0.537876167416119,0.2619463715446678,BLIP-base,170,0.23268634,0.18420906,-0.048477277,0.4833567887803192,a little boy sitting on a couch reading a book
0.5714285714285715,0.5714285714285715,0.48076923076923084,0.5742571780108312,BLIP-base,171,0.21595702,0.19285046,-0.02310656,0.44319317467626296,two women sitting on a chair
0.5,0.5,0.47491039426523296,0.41431718532384615,BLIP-base,172,0.27020106,0.14558995,-0.12461111,0.5377749064130694,a group of people running down a street
0.6153846153846153,0.5,0.3278688524590164,0.46739438375056597,BLIP-base,173,0.18820684,0.1633502,-0.024856642,0.34203349872010613,a dog is laying on the beach
0.761904761904762,0.761904761904762,0.6443520642201835,2.4357280226967863,BLIP-base,174,0.2742996,0.2329976,-0.041301996,0.6323584612172739,a man jumping off a diving board into a pool
0.380952380952381,0.3157894736842105,0.17094017094017094,0.002843614146788615,BLIP-base,175,0.18960427,0.15809923,-0.031505033,0.27664047905182054,a woman is standing in front of a building
0.8571428571428571,0.8571428571428571,0.754985754985755,1.5722235164504115,BLIP-base,176,0.26659438,0.2501153,-0.016479075,0.6579020614770315,a dog running on the beach
0.6153846153846154,0.6153846153846154,0.48701298701298706,0.028958420830719922,BLIP-base,177,0.22041376,0.22855201,0.008138254,0.4622740643088758,a man in a barrel
0.21052631578947364,0.21052631578947364,0.07633587786259541,0.0003813847234521481,BLIP-base,178,0.14351687,0.1898385,0.04632163,0.1431743026756891,a tree with no leaves
0.3846153846153846,0.36363636363636365,0.26976495726495725,0.27903867392920695,BLIP-base,179,0.2737668,0.26505446,-0.0087123215,0.4767065125311776,two children playing in the shade of a tree
0.6666666666666667,0.6666666666666667,0.5563218390804598,1.2599590297852217,BLIP-base,180,0.29788217,0.22405139,-0.07383078,0.6435443059579822,a man sleeping in a car
0.6666666666666666,0.6666666666666666,0.4934210526315789,1.0414087646551198,BLIP-base,181,0.32377988,0.24038272,-0.083397165,0.6835001272979171,a woman sleeping in a car
0.5882352941176471,0.5882352941176471,0.3292035398230089,0.35122009279806216,BLIP-base,182,0.21654196,0.2013445,-0.015197456,0.41742799793282226,a man in a kitchen
0.3157894736842105,0.2105263157894737,0.16129032258064518,0.1939830047269356,BLIP-base,183,0.25259912,0.21455814,-0.03804098,0.38144894657033757,a group of firemen standing in the street
0.22222222222222224,0.11111111111111112,0.10204081632653061,6.027586895752877e-05,BLIP-base,184,0.22585076,0.18411773,-0.041733027,0.2954544057615329,a fire truck is parked in the street
0.5333333333333333,0.5333333333333333,0.4746835443037974,0.9988112754052223,BLIP-base,185,0.2104851,0.17697568,-0.03350942,0.42325668811465406,a group of people on the beach
0.28571428571428575,0.28571428571428575,0.12820512820512822,8.296904702794503e-05,BLIP-base,186,0.15423225,0.19249043,0.03825818,0.19032291801138648,a man in a red helmet
0.4444444444444444,0.4444444444444444,0.33513513513513515,0.20144935480212972,BLIP-base,187,0.26663724,0.25637197,-0.010265261,0.4914791919237241,a man sitting in a booth with a large amount of magazines
0.47058823529411764,0.47058823529411764,0.38659793814432986,0.03340460704865189,BLIP-base,188,0.17199717,0.19025455,0.01825738,0.31501411711512894,a man standing in a large tunnel
0.3529411764705882,0.3529411764705882,0.3125,0.08606003423148867,BLIP-base,189,0.23661329,0.19790354,-0.038709745,0.4077450695938706,a man sitting in a kitchen
0.5,0.41666666666666663,0.31352124183006536,0.3324074851811558,BLIP-base,190,0.24289759,0.15990129,-0.082996294,0.4334427110402367,a group of people sitting on rocks by the water
0.5,0.5,0.32877604166666663,0.2766951921733004,BLIP-base,191,0.24904424,0.20613122,-0.04291302,0.46562941273372577,a boy standing in the water
0.2,0.2,0.08620689655172413,1.0700785058864284e-06,BLIP-base,192,0.19501078,0.18609658,-0.008914202,0.24750355851997827,a clear blue sky
0.4210526315789474,0.4210526315789474,0.18691588785046728,0.3217533636710909,BLIP-base,193,0.23371652,0.19065675,-0.043059766,0.39037416217503657,a man riding a bike down a street
0.3529411764705882,0.23529411764705882,0.21120293847566574,0.01718968718562665,BLIP-base,194,0.24682947,0.17225595,-0.07457352,0.38468073426839033,a group of cyclists
0.4615384615384615,0.3076923076923077,0.1948051948051948,0.14815747072641774,BLIP-base,195,0.22085792,0.17496212,-0.0458958,0.34319506305707936,a man riding a bike
0.3478260869565218,0.3478260869565218,0.13157894736842105,0.014770856800831036,BLIP-base,196,0.22901742,0.16215464,-0.06686278,0.3551289004222326,a man is picking a plant
0.3333333333333333,0.3333333333333333,0.13157894736842105,5.457161845318793e-07,BLIP-base,197,0.26298976,0.20603627,-0.05695349,0.42114647820589357,a group of surgeons
0.6666666666666666,0.6666666666666666,0.551470588235294,0.19538836252939087,BLIP-base,198,0.24475886,0.22465281,-0.020106047,0.5348083527004198,a dog catching a frur
0.5,0.5,0.32877604166666663,0.46504543874965676,BLIP-base,199,0.2510282,0.17271957,-0.07830864,0.46965408598206143,a man laying on the ground
0.380952380952381,0.380952380952381,0.37128712871287134,0.3521259087821063,BLIP-large,0,0.26617837,0.15744798,-0.10873039,0.48508032375503257,they are standing in the garden looking at a cell phone
0.3333333333333333,0.3333333333333333,0.3872053872053872,0.048522306788910535,BLIP-large,1,0.24433723,0.19516362,-0.04917361,0.43443333248140736,there are people on a crane that is lifting a large object
0.4210526315789474,0.4210526315789474,0.4518072289156627,0.42109856955158464,BLIP-large,2,0.21841516,0.21998318,0.0015680194,0.41231215836447493,there is a little girl that is standing on a porch
0.5185185185185186,0.3703703703703704,0.28735632183908044,0.48033534660728694,BLIP-large,3,0.26564488,0.2680255,0.0023806095,0.4650955221148516,araffe on a ladder climbing up to a building with a clock on the side
0.5333333333333333,0.5263157894736842,0.5009920634920636,0.9258907313226603,BLIP-large,4,0.22980973,0.18291226,-0.04689747,0.46631673985067795,they are two men in the kitchen cooking together
0.35714285714285715,0.35294117647058826,0.44834307992202727,0.05897152773114063,BLIP-large,5,0.22334029,0.20919517,-0.014145121,0.40798813728750716,they are two men playing guitars in a room with a camera
0.761904761904762,0.761904761904762,0.6784188034188035,1.9639470976286493,BLIP-large,6,0.28125852,0.23372804,-0.047530487,0.6532886659091728,araffe sitting on a chair holding a stuffed animal
0.5,0.4444444444444445,0.40889212827988336,0.40204531272055305,BLIP-large,7,0.299882,0.25334072,-0.046541274,0.5736707556482515,woman on a skateboard talking on a cell phone while standing in the street
0.625,0.625,0.75625,0.6081897157810632,BLIP-large,8,0.20718153,0.18735074,-0.019830793,0.4912017005152839,several people standing on a sidewalk next to a building
0.5714285714285713,0.47619047619047616,0.5060506050605059,0.6986335294032706,BLIP-large,9,0.25212026,0.19868168,-0.053438574,0.5025624144114416,there are two men doing tricks on a rail at night
0.4000000000000001,0.3157894736842105,0.20000000000000004,0.5020359686493109,BLIP-large,10,0.26655132,0.219406,-0.047145322,0.4385468736336718,several young girls in black leopers are practicing ballet moves
0.608695652173913,0.5217391304347826,0.37763136750763293,0.6948099816814033,BLIP-large,11,0.23609838,0.20540132,-0.030697063,0.4534863905878782,there are four men jumping up and down the stairs
0.6153846153846153,0.5263157894736842,0.565083176127594,1.2468765235639732,BLIP-large,12,0.2610739,0.16317432,-0.09789957,0.5425572858495631,there are two dogs playing on the road with each other
0.5833333333333334,0.5833333333333334,0.4209183673469388,1.17271564646962,BLIP-large,13,0.21694495,0.23514359,0.01819864,0.43560806886473846,there is a man driving a tractor on the street
0.28571428571428564,0.2222222222222222,0.14851485148514848,0.22454157603386146,BLIP-large,14,0.22959031,0.2333087,0.003718391,0.33455747040913797,there are many people walking on the street in the city
0.35714285714285715,0.34782608695652173,0.33783783783783783,0.17928878997792685,BLIP-large,15,0.31668055,0.22760183,-0.089078724,0.574213699304306,woman in black jacket pouring batter into a bowl on a table
0.5714285714285715,0.5,0.47821969696969696,0.8146295226624328,BLIP-large,16,0.19120385,0.27358872,0.08238487,0.3781833902623165,there is a little girl sitting on the grass with a painting on the ground
0.7096774193548386,0.7096774193548386,0.6277527589449201,1.367377090293349,BLIP-large,17,0.24284568,0.23692332,-0.005922362,0.5547858793890594,there is a man laying on a bench with a dog next to him
0.5,0.5,0.4043478260869566,0.4422468149769333,BLIP-large,18,0.31249398,0.26528555,-0.04720843,0.6094576215829288,several people sitting in chairs in a living room with music
0.5925925925925926,0.3703703703703704,0.4777848639455782,0.5603735598981421,BLIP-large,19,0.20221555,0.21156931,0.009353757,0.3745087915162092,several people are playing music in a living room with a piano
0.5833333333333334,0.5454545454545454,0.48478260869565226,0.5171997996039676,BLIP-large,20,0.2765632,0.21494505,-0.06161815,0.5617464667346599,there is a man standing on a wooden bridge at night
0.4210526315789474,0.3333333333333333,0.24096385542168677,0.2200389739984655,BLIP-large,21,0.23048809,0.21172372,-0.018764377,0.3770907259263587,there is a man standing in a crowd holding an umbrella
0.6956521739130435,0.6666666666666665,0.6777108433734939,1.7799161737427553,BLIP-large,22,0.23347738,0.21475962,-0.018717766,0.5371708544981946,arafed man getting a tattoo on another man ' s back
0.761904761904762,0.761904761904762,0.785891089108911,1.095362702836383,BLIP-large,23,0.31599587,0.25664887,-0.059347004,0.7452511487772285,there are two children sitting on a bench in the sand
0.6666666666666667,0.6060606060606061,0.5666741121286576,1.0952841286998347,BLIP-large,24,0.26882637,0.23172867,-0.037097692,0.5745510778790734,arafed man in a safety vest and hard hat standing on a street corner
0.7272727272727273,0.5454545454545454,0.6384943181818182,0.39265965249839685,BLIP-large,25,0.23841214,0.18782291,-0.050589234,0.5150957525248088,there is a man wearing a hat made of beer cans
0.625,0.5,0.43151041666666673,0.7261802181682331,BLIP-large,26,0.25415075,0.2011827,-0.052968055,0.49653532789249355,painting of a man in a blue coat is on a easel
0.6666666666666666,0.4761904761904762,0.37634408602150543,1.0716122671403074,BLIP-large,27,0.13406695,0.15513682,0.02106987,0.2371387240531957,there is a man pushing a cart with a child in it
0.7058823529411764,0.7058823529411764,0.7705479452054794,1.4287890552089575,BLIP-large,28,0.24069518,0.23797518,-0.0027199984,0.5782233972082136,there is a small child climbing on a rope net
0.5217391304347826,0.5217391304347826,0.41396979503775616,0.44679294473084374,BLIP-large,29,0.2474691,0.21360832,-0.033860773,0.4838206633740024,there is a man sitting on a train holding a piece of paper
0.6,0.5,0.35714285714285715,0.1824891657077427,BLIP-large,30,0.15076269,0.18521063,0.03444794,0.2719292801340461,there is a man holding a baseball bat and a baseball bat
0.47619047619047616,0.47619047619047616,0.44158415841584164,0.8607246300782931,BLIP-large,31,0.22108528,0.22620055,0.0051152706,0.42671171482038084,arafed man standing in front of a urinal in a bathroom
0.5833333333333334,0.5,0.5504317111459968,0.3987333978801094,BLIP-large,32,0.2408995,0.19893229,-0.041967213,0.49343817200123774,people are walking on a hill at sunset with a kite in the sky
0.8695652173913044,0.7826086956521738,0.9398058252427184,2.168370107231829,BLIP-large,33,0.24384448,0.20296463,-0.040879846,0.6338088989234641,there is a man sitting at a table with a glass of beer
0.631578947368421,0.5454545454545454,0.6777108433734939,0.9841271564422016,BLIP-large,34,0.22538261,0.2329206,0.007537991,0.4965074115436685,there is a dog running in the grass with a frisbee
0.5,0.39999999999999997,0.2920471841704718,0.4868091669386516,BLIP-large,35,0.24546355,0.21520129,-0.030262262,0.4310198711027322,there is a police officer standing next to a police dog
0.6,0.6,0.6114130434782608,1.6493428694279246,BLIP-large,36,0.25455686,0.24820533,-0.0063515306,0.553339698808508,there is a man riding a bike down a snowy street
0.6666666666666666,0.6666666666666666,0.6354916067146283,1.0288224546998535,BLIP-large,37,0.3305887,0.22225651,-0.10833219,0.7257265737915375,three men in white shirts and ties standing in front of a van
0.3636363636363637,0.27272727272727276,0.3357712765957447,0.2949446316116673,BLIP-large,38,0.3062117,0.20961854,-0.09659317,0.5375435822550967,araffe worker in a factory working on a machine that is producing tomatoes
0.3157894736842105,0.3157894736842105,0.34074074074074073,0.12962958295704724,BLIP-large,39,0.1869818,0.197326,0.010344207,0.3052806618884134,there are two men working on a machine that is making water
0.4,0.23529411764705882,0.32899366643209005,0.5826156035750013,BLIP-large,40,0.34906322,0.25400445,-0.09505877,0.6156298008321881,people in traditional japanese clothing are sweeping the ground with a broom
0.5660377358490566,0.33962264150943394,0.39682539682539686,0.11845520188880088,BLIP-large,41,0.22030355,0.15023598,-0.07006757,0.3888605820490795,there are two men standing outside of a small building with a car parked in front of it
0.45454545454545453,0.39999999999999997,0.4054545454545455,0.5099607888374886,BLIP-large,42,0.23821713,0.21812832,-0.020088807,0.43900128946226125,there are two little girls sitting in the grass eating food
0.34782608695652173,0.34782608695652173,0.2652310924369748,0.04434814641643203,BLIP-large,43,0.3221528,0.23973083,-0.08242196,0.5707933168990054,people are walking around a large square with a futuristic car
0.2857142857142857,0.2857142857142857,0.19245426829268292,0.03222960045198778,BLIP-large,44,0.21336551,0.18453908,-0.02882643,0.32313020858620417,people standing around a sculpture of a swan on a sidewalk
0.4210526315789474,0.3076923076923077,0.257711038961039,0.5677474605001347,BLIP-large,45,0.26722613,0.18471354,-0.08251259,0.4498385727796623,bride and groom walking down the street in formal attire
0.7826086956521738,0.6086956521739131,0.6490885416666666,1.0883547553446427,BLIP-large,46,0.34607494,0.30440307,-0.041671872,0.7482670740027131,boy playing a video game at mcdonald ' s in a mall
0.7500000000000001,0.7500000000000001,0.6901041666666667,0.9267450879412207,BLIP-large,47,0.28694737,0.23453927,-0.0524081,0.6647851532697973,puppy playing with a ball on the beach near the water
0.2608695652173913,0.2608695652173913,0.23023023023023023,0.08639732560242822,BLIP-large,48,0.19846189,0.22466734,0.02620545,0.2954830420283683,people are gathered around a table with food and drinks on it
0.33333333333333326,0.33333333333333326,0.34534534534534533,0.17102420014684497,BLIP-large,49,0.14029567,0.22406538,0.08376971,0.21500309035438242,they are sitting on a bench together in a parking lot
0.4999999999999999,0.4,0.37307380373073795,0.28042873661871454,BLIP-large,50,0.2676108,0.19713053,-0.07048026,0.4921529808137323,people sitting at tables with coolers and drinks at a park
0.2608695652173913,0.2608695652173913,0.19245426829268292,0.3124558257844546,BLIP-large,51,0.19909786,0.20065433,0.001556471,0.28921796868342775,they are two people doing a karate pose on a mat
0.34782608695652173,0.2608695652173913,0.33223684210526316,0.21611015046649207,BLIP-large,52,0.29585454,0.21489951,-0.08095503,0.5134546437331864,people watching a man perform a karate trick on a red and blue mat
0.3870967741935483,0.3225806451612903,0.24,0.20788197502791841,BLIP-large,53,0.2555657,0.22803113,-0.027534574,0.42561974412039455,people are watching a man with a bat on a balcony
0.5333333333333333,0.5333333333333333,0.44953350296861755,0.7117795667592339,BLIP-large,54,0.21416275,0.19409531,-0.020067438,0.4256871463548735,there is a man in a red jacket and hat walking down the street
0.6250000000000001,0.6250000000000001,0.6194444444444446,0.8979514650255088,BLIP-large,55,0.22120143,0.22006044,-0.0011409968,0.49228130737768316,they are walking down the street with their children
0.5555555555555556,0.5555555555555556,0.6027027027027028,0.22664954333384033,BLIP-large,56,0.19970275,0.20529263,0.0055898726,0.4314319464050144,there is a young boy riding a skateboard down the street
0.588235294117647,0.588235294117647,0.7705479452054794,0.9890894619632328,BLIP-large,57,0.2558172,0.22856823,-0.027248979,0.5853704583462922,there is a dog that is jumping over a log
0.4827586206896552,0.3448275862068966,0.3054725074743273,0.3412746431767852,BLIP-large,58,0.24119109,0.21084374,-0.030347347,0.4140033583708617,people walking across a street in a city with a lot of traffic
0.6153846153846154,0.5384615384615384,0.4092548076923077,0.769851205204394,BLIP-large,59,0.25224003,0.2045182,-0.047721833,0.4959004434894901,there is a man riding a bike on a bridge over a river
0.4864864864864865,0.3333333333333333,0.29835680751173704,0.3265385515653789,BLIP-large,60,0.2374862,0.25853264,0.021046445,0.40276564373153534,there is a man sitting on the ground with a cup and a hot dog
0.7000000000000001,0.7000000000000001,0.8848012889366274,1.4063636577640113,BLIP-large,61,0.27209878,0.21111794,-0.06098084,0.6636027964593081,there is a dog that is running in the snow with a frisbee
0.380952380952381,0.28571428571428575,0.21505376344086022,0.12399042694663283,BLIP-large,62,0.22948831,0.22137304,-0.008115277,0.36035675191481376,people standing on a city street with a man in a motorcycle
0.47619047619047616,0.3636363636363636,0.40917431192660547,0.49617336005140394,BLIP-large,63,0.2496132,0.24037707,-0.009236127,0.4555905213186371,skiers in the snow with a man standing behind them
0.6666666666666666,0.4166666666666667,0.443359375,0.9634965949301724,BLIP-large,64,0.2660472,0.28431594,0.018268734,0.506371559539493,there are many people climbing up a rock wall on a rope
0.4615384615384615,0.4166666666666667,0.44285714285714284,1.3233479046281853,BLIP-large,65,0.29894194,0.24488083,-0.054061115,0.5730012124526169,araffe woman doing a trick on a balance beam in a competition
0.32,0.32,0.16528925619834708,0.29536392965998304,BLIP-large,66,0.19393964,0.20193861,0.007998973,0.28514712042008505,there is a man that is standing in the grass with a toy
0.7407407407407408,0.5185185185185186,0.641726618705036,1.9632959692281742,BLIP-large,67,0.25259668,0.22269693,-0.029899746,0.5391296888789712,people are standing on top of a truck with a pile of cotton
0.4615384615384615,0.4615384615384615,0.36525974025974023,0.4039110138049054,BLIP-large,68,0.26817033,0.17441952,-0.093750805,0.5040329378669135,woman in red jacket looking out over city from observation
0.35714285714285715,0.2580645161290323,0.2792956891317547,0.15405498662553596,BLIP-large,69,0.23772554,0.19088417,-0.046841368,0.3843851856116501,araffe shaped like a car with a man standing next to it
0.6,0.6,0.8848012889366274,1.0253958571340405,BLIP-large,70,0.2975218,0.25681305,-0.04070875,0.6951758183135541,there is a dog that is running in the grass with a hose
0.5,0.42857142857142855,0.3669544740973313,0.4338123462003092,BLIP-large,71,0.2883045,0.23984522,-0.04845929,0.5386225847018289,arafed man pushing a child in a shopping cart in a store
0.6666666666666667,0.5833333333333334,0.5487060546875001,1.0794306978767731,BLIP-large,72,0.25795504,0.25858983,0.00063478947,0.5443585000729767,there is a dog running with a ball in its mouth
0.7142857142857142,0.6428571428571429,0.6276515151515152,1.1320675543885037,BLIP-large,73,0.18747807,0.18635191,-0.0011261553,0.4290830781431411,they are sitting at a table with a glass of water and a cell phone
0.45454545454545453,0.45454545454545453,0.41802832244008714,0.7122153720736257,BLIP-large,74,0.25076166,0.24366431,-0.0070973486,0.4778729069408792,there is a dog that is jumping up to catch a frisbee
0.4705882352941177,0.4444444444444444,0.5067567567567568,0.9178107038796524,BLIP-large,75,0.2539044,0.20078526,-0.053119138,0.499973748441666,there are two men hiking up a snowy hill with backpacks
0.5925925925925927,0.4666666666666667,0.3424657534246575,0.4054052620191206,BLIP-large,76,0.25964352,0.19193521,-0.06770831,0.4832023500249173,arafed man holding a wooden cabinet with a glass door
0.631578947368421,0.5714285714285715,0.7499999999999999,0.8275091318892975,BLIP-large,77,0.23383272,0.22983007,-0.0040026456,0.5333018938498264,there are two men sitting on the floor in a living room
0.6666666666666667,0.6666666666666667,0.5512152777777778,1.9291108442160754,BLIP-large,78,0.26338214,0.24391073,-0.019471407,0.5725363858982899,arafed man in a car looking at a map
0.4666666666666667,0.27586206896551724,0.2889107450208999,0.14885699459177992,BLIP-large,79,0.23737505,0.22698697,-0.010388076,0.38915670452165196,there are two children flying a kite in the park by the water
0.5454545454545454,0.4516129032258065,0.5010893246187365,0.5980751733090206,BLIP-large,80,0.22618714,0.25640845,0.030221313,0.44404684235752107,there are two people sitting next to a tree with a stroller
0.6923076923076923,0.46153846153846156,0.5897435897435898,0.5540211004081945,BLIP-large,81,0.22905101,0.2187457,-0.010305315,0.46957243868846277,there are two men standing next to a car in a parking lot
0.7000000000000001,0.7000000000000001,0.7309228039041704,1.3288628373391376,BLIP-large,82,0.23063579,0.2120031,-0.018632695,0.5487154731261541,there is a black dog that is standing in the water
0.631578947368421,0.5263157894736842,0.6814814814814815,0.768644990612565,BLIP-large,83,0.26596108,0.25536302,-0.0105980635,0.5757510850882339,there are two people standing on a frozen lake with a snowmobile
0.5,0.34782608695652173,0.5027027027027028,1.154726152005728,BLIP-large,84,0.24662603,0.22814292,-0.018483117,0.4650744024881636,dogs running on the beach with a dog in the background
0.32,0.2857142857142857,0.1851851851851852,0.44111575461836017,BLIP-large,85,0.27782458,0.22694437,-0.05088021,0.45243776644322653,araffe climbing on a frozen wall with a rope
0.4761904761904762,0.380952380952381,0.4000000000000001,0.5707397839920586,BLIP-large,86,0.22565809,0.20466518,-0.020992905,0.40862364290136033,several people walking in a field with a dog and a frisbee
0.6086956521739131,0.5217391304347826,0.6027027027027028,0.9552977609619087,BLIP-large,87,0.2521346,0.2325365,-0.019598097,0.5310316445356658,snowy city street with a man shoveling snow from the sidewalk
0.5185185185185185,0.4444444444444444,0.4094799210006583,1.1037780716981205,BLIP-large,88,0.25216842,0.22410597,-0.028062448,0.4769967695268322,bride and groom standing next to a table with a cake
0.4615384615384615,0.4615384615384615,0.33189033189033185,0.36232705028856066,BLIP-large,89,0.24611667,0.22749443,-0.018622234,0.45262110491662144,skiers and snowboarders standing in the snow with their boards
0.5714285714285713,0.5714285714285713,0.5060506050605059,1.0501302671098203,BLIP-large,90,0.22919005,0.262414,0.033223957,0.4750939251836558,there is a wet dog carrying a frisbee in its mouth
0.4000000000000001,0.3,0.24155844155844156,0.4956085174625037,BLIP-large,91,0.2611103,0.19163805,-0.06947225,0.43266305931696386,people are standing around a market with vegetables and fruits
0.3448275862068966,0.29629629629629634,0.19363496932515337,0.21733762264368056,BLIP-large,92,0.22698577,0.1686223,-0.058363467,0.3531127424663007,there are many people in the crowd at a concert
0.45454545454545453,0.45454545454545453,0.3872053872053872,0.5593546140319723,BLIP-large,93,0.31617963,0.27700055,-0.039179087,0.6044149238883436,boy in mid air on skateboard in skate park with crowd watching
0.7058823529411764,0.7058823529411764,0.8653846153846154,2.4385394612728457,BLIP-large,94,0.28290084,0.22767873,-0.05522211,0.6828089423801329,there is a man and a child in a yellow kayak
0.56,0.4799999999999999,0.4178459705049902,0.4252141340544124,BLIP-large,95,0.23460352,0.2158988,-0.018704727,0.4501490297450091,there are two people sitting on a bench on the sidewalk
0.6363636363636365,0.45454545454545453,0.3872053872053872,0.5673475117129372,BLIP-large,96,0.27192864,0.23709472,-0.034833923,0.5146475588408896,construction workers are working on a street corner with a fire hydrant
0.4347826086956522,0.34782608695652173,0.27158527954706296,0.8570823532935469,BLIP-large,97,0.26261294,0.23222424,-0.030388698,0.45128187890035165,araffes on a roof with a ladder and a ladder to the side
0.5714285714285715,0.5714285714285715,0.5559726393059726,0.8581361701681579,BLIP-large,98,0.23470666,0.24655569,0.011849031,0.4962692887352631,there are two people sitting on a bench in front of a building
0.761904761904762,0.5263157894736842,0.5267636138613863,1.49493782076067,BLIP-large,99,0.25495747,0.21723118,-0.037726283,0.522485631815518,there is a man laying on a couch in a room
0.41666666666666663,0.41666666666666663,0.31250000000000006,0.1385140657607917,BLIP-large,100,0.16375138,0.22958949,0.06583811,0.2726828319394502,there is a young boy flying a kite with a woman
0.7272727272727273,0.6363636363636364,0.7080965909090909,1.3831234814678663,BLIP-large,101,0.24973935,0.21921904,-0.030520305,0.5701763455248869,people walking down the street holding rainbow flags in a parade
0.22222222222222224,0.22222222222222224,0.17384731670445958,0.03269987602950252,BLIP-large,102,0.22501926,0.23479307,0.009773806,0.33035115159563766,several people are standing around a box of oysters on a street
0.6428571428571428,0.5714285714285714,0.504990317294801,1.395595120548681,BLIP-large,103,0.30414543,0.25524002,-0.048905402,0.6269359950552251,woman in a green skirt performing on stage with a microphone
0.6956521739130435,0.6956521739130435,0.6302521008403362,1.2345295508407035,BLIP-large,104,0.24678299,0.19285029,-0.053932697,0.5604678955302234,there are three people sitting on the steps of a building
0.4,0.32,0.256551724137931,0.011462874405643034,BLIP-large,105,0.2524607,0.21420403,-0.03825666,0.42211514163562547,dogs are sitting on the ground playing with a frisbee
0.6086956521739131,0.5217391304347826,0.5157198014340871,1.456160406956343,BLIP-large,106,0.3261189,0.26685956,-0.059259325,0.6637192655657842,boy in red jacket playing hockey with stick and net in background
0.6666666666666666,0.5925925925925927,0.6190603073097078,0.8751456333481031,BLIP-large,107,0.22473845,0.24585193,0.021113485,0.4928981690810163,there is a man sitting on a bench in front of a sculpture
0.27777777777777773,0.27777777777777773,0.20272727272727273,0.13300077878400302,BLIP-large,108,0.23228222,0.24753895,0.015256733,0.36197186136273957,there is a small child standing behind a fence holding a baseball bat
0.32,0.24000000000000002,0.18385291766586728,0.14964085448890713,BLIP-large,109,0.16356277,0.19839914,0.034836367,0.21123748093678332,there is a horse standing in the snow next to a blue chair
0.5454545454545455,0.48000000000000004,0.4536052009456265,1.380049206584477,BLIP-large,110,0.2538517,0.2100188,-0.043832913,0.4963476606721292,there are three dogs and a man in a field with a dog
0.8571428571428572,0.8571428571428572,0.8861997310842195,0.8238382992479865,BLIP-large,111,0.29894653,0.2198702,-0.079076335,0.7497742785488342,araffature of a man standing in front of a tall building
0.5454545454545454,0.43478260869565216,0.5380116959064328,1.105550826998917,BLIP-large,112,0.31040266,0.2484055,-0.06199716,0.6189044784483906,woman pushing a stroller with a child in it while walking down a path
0.4615384615384615,0.38461538461538464,0.27687590187590183,0.36084313949914115,BLIP-large,113,0.2842217,0.22868547,-0.05553624,0.5035333142531484,there is a woman sitting at a stand selling coconuts
0.9473684210526316,0.8421052631578948,0.9706959706959708,1.9176048043009604,BLIP-large,114,0.23606911,0.22941233,-0.006656781,0.6361131691392349,there are two children sitting at a table eating food
0.34782608695652173,0.28571428571428575,0.20161290322580647,0.11339386800499787,BLIP-large,115,0.23399977,0.22451785,-0.009481922,0.3668205082489707,boy eating a hot dog with a bite taken out of it
0.631578947368421,0.5263157894736842,0.6777108433734939,1.3187630846656213,BLIP-large,116,0.17107028,0.2275109,0.05644062,0.38250191014252233,arafed man playing a guitar on stage with other people watching
0.4242424242424242,0.4242424242424242,0.3036812811248901,0.2161876705684451,BLIP-large,117,0.28001598,0.25546488,-0.024551094,0.5082880662911352,araffe girl swinging a bat at a ball during a game
0.75,0.6666666666666666,0.6856995884773662,1.9035449114611014,BLIP-large,118,0.23828827,0.21735997,-0.020928293,0.5485279419113991,there is a man in a red life jacket paddling a canoe
0.6,0.4210526315789474,0.4505050505050505,0.9051250384497399,BLIP-large,119,0.18701878,0.20353304,0.016514257,0.34836118237642266,arafed man playing a guitar in a dark room
0.37037037037037035,0.29629629629629634,0.15337423312883436,0.15752859725246413,BLIP-large,120,0.25504377,0.23773804,-0.017305732,0.4019789400836146,araffe worker working on a sidewalk with a yellow tape
0.5384615384615384,0.5384615384615384,0.4599230996746525,0.4187646786591915,BLIP-large,121,0.24892601,0.24576835,-0.0031576604,0.49931129968657906,there is a woman sitting at a table with plates of food
0.7272727272727273,0.6363636363636364,0.5738636363636364,0.8902602077921102,BLIP-large,122,0.23338766,0.23842224,0.005034581,0.5101588016757138,there is a woman laying on a blanket in the grass
0.3846153846153846,0.3846153846153846,0.2547945205479452,0.5482117890073352,BLIP-large,123,0.23841257,0.22028962,-0.018122956,0.4061888374545895,there is a long suspension bridge with people walking across it
0.43478260869565216,0.43478260869565216,0.46046046046046046,0.3563378674029094,BLIP-large,124,0.27271327,0.21753688,-0.055176392,0.5269377123822431,there is a man taking a picture of a bride and groom
0.33333333333333326,0.33333333333333326,0.2027027027027027,0.1505109216619101,BLIP-large,125,0.22587784,0.22420928,-0.0016685575,0.36008615253335324,there is a small child that is standing in the grass
0.6956521739130435,0.608695652173913,0.5165351941747574,0.6841574485205928,BLIP-large,126,0.27038658,0.30415723,0.03377065,0.5682153407478427,there is a man cooking vegetables on a grill with a dog nearby
0.5,0.41666666666666663,0.4288461538461539,0.3596955263112823,BLIP-large,127,0.25412703,0.21871158,-0.03541544,0.47928768500569274,there are people sitting on a mountain top with a view of the valley
0.43478260869565216,0.36363636363636365,0.3126050420168068,0.6232130762048189,BLIP-large,128,0.2428186,0.21934995,-0.023468643,0.42249316957917316,there are many people walking up the stairs of a bridge
0.42857142857142855,0.35714285714285715,0.32763532763532766,0.8028419724717115,BLIP-large,129,0.19492841,0.17806724,-0.01686117,0.3270507134199549,there are many people on the water watching boats in the water
0.21621621621621623,0.1904761904761905,0.11764705882352941,0.036441121419133714,BLIP-large,130,0.24527682,0.22491322,-0.020363599,0.3538562917078964,there are two people sitting on a bench with a cart of food
0.23529411764705882,0.23529411764705882,0.2054794520547945,0.0012599499973572233,BLIP-large,131,0.19491895,0.22655031,0.031631365,0.27823059535344485,they are sitting on a bench eating a doughnut together
0.6666666666666666,0.6666666666666666,0.8522727272727273,1.6951456777337612,BLIP-large,132,0.20175642,0.22183897,0.020082548,0.5077342251433834,there is a man sitting in a chair playing a musical instrument
0.21621621621621623,0.21621621621621623,0.10101010101010102,0.00536354693547569,BLIP-large,133,0.28074452,0.21151102,-0.06923351,0.42762651692342185,skiers gather around a small building made of snow
0.23076923076923075,0.23076923076923075,0.1750380517503805,0.3191386125849651,BLIP-large,134,0.2533197,0.22698832,-0.026331395,0.389708861680621,baseball player sliding into base while another player slides into base
0.4827586206896552,0.39999999999999997,0.3835051546391753,0.5716908632206237,BLIP-large,135,0.18041801,0.19815663,0.01773861,0.31736039051039255,there is a man riding a bike down the street with a basket on the back
0.7777777777777777,0.608695652173913,0.6981085116973618,1.3971438966341179,BLIP-large,136,0.28579184,0.21689421,-0.068897635,0.6357810590985196,arafed man on a ladder working on a brick wall
0.5454545454545454,0.4705882352941177,0.576923076923077,0.6287490193766767,BLIP-large,137,0.2853926,0.26339155,-0.022001058,0.5831126087473537,arafed man on a scaffolding with a ladder on a building
0.5217391304347826,0.5217391304347826,0.35830999066293184,0.6700027307357914,BLIP-large,138,0.27504218,0.23714072,-0.03790146,0.5286233236506943,there is a man with earphones on in a subway car
0.7500000000000001,0.6666666666666667,0.6428433641975309,0.20793207851629197,BLIP-large,139,0.25180188,0.23884153,-0.012960345,0.5673703437594805,woman walking across the street with a bag in her hand
0.5925925925925927,0.3703703703703704,0.4818702290076337,0.8835319410530647,BLIP-large,140,0.27093074,0.24023722,-0.030693516,0.5147211730565735,someone is sitting on the ground with a television and a bag of food
0.7000000000000001,0.7000000000000001,0.7519964507542148,1.2617670513848442,BLIP-large,141,0.23298436,0.21307826,-0.019906104,0.5576945049001389,several people sitting at a table eating food and drinking coffee
0.7142857142857143,0.7142857142857143,0.5717948717948719,2.4008576055190085,BLIP-large,142,0.35064855,0.23478219,-0.11586636,0.7632043635975477,woman carrying a bowl of fruit on her head on the beach
0.7058823529411764,0.7058823529411764,0.8653846153846154,1.308861958406267,BLIP-large,143,0.23481801,0.26334435,0.028526336,0.5852683372896454,there is a man standing in a hole in the ground
0.2857142857142857,0.2857142857142857,0.1598173515981735,0.2392564742993977,BLIP-large,144,0.25046375,0.27758834,0.027124584,0.3918601522905702,there are two boys standing next to a bicycle in the grass
0.3703703703703704,0.3703703703703704,0.17006802721088438,0.39278839696654266,BLIP-large,145,0.22782533,0.19584285,-0.03198248,0.3649172989010561,they are in the woods making a hot tub for the family
0.4,0.4,0.3757440476190476,0.23456866676578336,BLIP-large,146,0.19342417,0.23094977,0.03752561,0.34219238672363544,there is a baby that is laying down in a persons lap
0.5384615384615384,0.5384615384615384,0.48822605965463106,0.7611846494646592,BLIP-large,147,0.2891534,0.19037068,-0.09878272,0.5865769768295045,araffe woman with a painted face and headdress with corn on her head
0.4999999999999999,0.41666666666666663,0.3331163194444444,0.7568856266072089,BLIP-large,148,0.23602132,0.22828947,-0.007731855,0.4234125770247963,there is a man holding a sword in a black outfit
0.761904761904762,0.761904761904762,0.7282110091743119,1.9883274608691264,BLIP-large,149,0.2795835,0.17571908,-0.10386443,0.6598491900205806,people sitting on a wall looking out at the beach
0.34782608695652173,0.34782608695652173,0.28434684684684686,0.27830833871131894,BLIP-large,150,0.2835043,0.22170816,-0.061796144,0.4962143263185911,there are many people hiking through a rocky canyon in the woods
0.6666666666666665,0.5925925925925926,0.6233062330623306,0.3833471891711483,BLIP-large,151,0.25195512,0.23363194,-0.018323183,0.5489589718624927,there is a man in a suit standing in a room with a white wall
0.4705882352941177,0.3703703703703703,0.5723076923076923,0.5984784358330512,BLIP-large,152,0.26475197,0.20126024,-0.06349173,0.520274448396563,there are two women sweeping the red cement on the street
0.37209302325581395,0.29629629629629634,0.22954545454545458,0.34755934077246575,BLIP-large,153,0.23797762,0.18965666,-0.048320964,0.38259286903003226,there are two people sitting on the sidewalk and one is on the phone
0.4444444444444445,0.3703703703703704,0.2900604686318972,0.20484874339081235,BLIP-large,154,0.24116099,0.2051439,-0.03601709,0.4159684460122164,there is a little girl running in the grass with a kite
0.6206896551724138,0.5517241379310344,0.5775126356781838,0.9839165529356703,BLIP-large,155,0.24005982,0.24176681,0.0017069876,0.5074958126236704,there is a young boy sitting on the ground playing with a cell phone
0.3076923076923077,0.3076923076923077,0.3448275862068966,0.010275082483511257,BLIP-large,156,0.24677561,0.23770098,-0.009074628,0.42577605628794635,they are two boys playing with their skateboards on the sidewalk
0.5555555555555556,0.5555555555555556,0.6906906906906907,0.8970557660230439,BLIP-large,157,0.21481736,0.22469819,0.009880826,0.47969096314867304,there are two children sitting on the grass in the park
0.33333333333333337,0.2,0.3384038800705468,0.04708832540379484,BLIP-large,158,0.24219325,0.22494635,-0.017246902,0.3936570982886413,they are sitting on the curb of the street and one is giving the other a high five
0.4,0.32,0.2715328467153285,0.1756260693498876,BLIP-large,159,0.17438996,0.1688259,-0.005564064,0.2667374419178516,there is a man that is talking on a cell phone
0.6666666666666665,0.5555555555555556,0.6233062330623306,0.5969737664383864,BLIP-large,160,0.28161526,0.17615217,-0.10546309,0.6017199791141392,woman in a bikini paddling a canoe on a river
0.7000000000000001,0.7000000000000001,0.7519964507542148,0.8725084491735517,BLIP-large,161,0.22877815,0.2352129,0.0064347535,0.5491618058532514,there is a young girl that is playing in the water
0.5,0.39999999999999997,0.4043478260869566,0.4772577740838666,BLIP-large,162,0.29418072,0.22298744,-0.07119328,0.5523074287205254,woman in red coat jumping in the air with a bag
0.39999999999999997,0.39999999999999997,0.4395761741122566,0.3363642459024605,BLIP-large,163,0.2170157,0.19720984,-0.019805863,0.4028164881232696,they are sitting at a table with a plate of food and a glass of wine
0.5217391304347826,0.43478260869565216,0.5380116959064328,0.5106940482852792,BLIP-large,164,0.20938466,0.22241133,0.01302667,0.41397983439063946,there is a plate of food on a table with a glass of wine
0.45454545454545453,0.36363636363636365,0.2272727272727273,0.14158205701830134,BLIP-large,165,0.21587957,0.2209267,0.0050471276,0.3507783352825936,they are playing a game of wii on the bed together
0.380952380952381,0.380952380952381,0.4265202702702703,0.18787952125579568,BLIP-large,166,0.27100202,0.23780793,-0.033194095,0.5059121962210148,two men on scaffoldings on a building with a glass wall
0.5,0.5,0.530952380952381,0.7752358587999317,BLIP-large,167,0.26242897,0.24292824,-0.019500732,0.5332168816284493,there is a young boy that is mixing something in a bowl
0.6666666666666665,0.5555555555555556,0.7601351351351351,0.88105857972009,BLIP-large,168,0.26173598,0.1949392,-0.06679678,0.5887587403428183,there are two children playing in the water with a ball
0.4999999999999999,0.41666666666666663,0.3993055555555555,0.5938627516052561,BLIP-large,169,0.2640211,0.2255545,-0.038466603,0.4934506364102726,blond woman in blue dress taking a picture of a car
0.4761904761904762,0.4761904761904762,0.48076923076923084,0.29233184056418493,BLIP-large,170,0.25023556,0.24688394,-0.0033516139,0.4936828480865606,arafed child sitting on a couch reading a book
0.36363636363636365,0.36363636363636365,0.3670058139534884,0.20927727055537554,BLIP-large,171,0.20388739,0.23108496,0.02719757,0.3543976585556996,they are two women sitting on a chair playing a game on a laptop
0.4444444444444444,0.4444444444444444,0.38027108433734946,0.409626027197596,BLIP-large,172,0.3055696,0.2217789,-0.08379069,0.5794843747638678,several people are running on a sidewalk near a street sign
0.46153846153846156,0.46153846153846156,0.555223880597015,0.3999640655867863,BLIP-large,173,0.2147358,0.23094322,0.016207412,0.4336287421446971,there is a dog that is running on the beach with a frisbee
0.6086956521739131,0.43478260869565216,0.4320647177790035,1.6999101907746372,BLIP-large,174,0.26956838,0.2266609,-0.042907476,0.5148788542947864,there is a man jumping into a pool with a diving board
0.42857142857142855,0.38461538461538464,0.35094339622641507,0.05059169279671329,BLIP-large,175,0.18559723,0.17730793,-0.008289292,0.31827764040577683,there is a man standing outside of a building with a cell phone in his hand
0.5454545454545454,0.5454545454545454,0.6847545219638244,0.5258603645493838,BLIP-large,176,0.20312308,0.24970803,0.04658495,0.45276056003574405,there is a dog running on the beach with a frisbee in its mouth
0.5714285714285715,0.38461538461538464,0.3945612278945613,0.031584465271369294,BLIP-large,177,0.2032901,0.24528553,0.04199542,0.362892899494045,there is a man in a bathtub with a towel on his lap
0.45161290322580644,0.3225806451612903,0.28718074055969695,0.7565957874460669,BLIP-large,178,0.24456915,0.21816413,-0.026405022,0.4127483407581086,there is a bus that is driving down the street next to a bench
0.5,0.28571428571428575,0.3126050420168068,0.37175391854885165,BLIP-large,179,0.2577074,0.23905286,-0.018654525,0.43711209155570435,there are two children climbing up a tree in the woods
0.3703703703703704,0.3703703703703704,0.40464743589743596,0.8084518513786189,BLIP-large,180,0.30747366,0.24441463,-0.06305903,0.5734074186829983,arafed man sleeping in a car with his head on the back of the seat
0.7200000000000001,0.7200000000000001,0.6280976840587548,1.9937015107099643,BLIP-large,181,0.310138,0.25346568,-0.056672305,0.693428237016589,woman sleeping in a car with a blanket on her lap
0.4166666666666667,0.3333333333333333,0.22871376811594205,0.04624241723597371,BLIP-large,182,0.25221342,0.21345328,-0.03876014,0.4187126065776762,there is a man that is holding a pan in his hand
0.380952380952381,0.28571428571428564,0.1834862385321101,0.3886777456942364,BLIP-large,183,0.26832825,0.19581522,-0.07251303,0.4328337632275462,firefighters standing in front of a fire truck at night
0.3636363636363636,0.3636363636363636,0.36764705882352944,0.38306306322086947,BLIP-large,184,0.24318598,0.22239292,-0.020793065,0.4342468548120362,firefighters are standing in front of a fire truck with a ladder
0.5555555555555556,0.5555555555555556,0.4536585365853659,0.9060023752669946,BLIP-large,185,0.20949636,0.21496268,0.005466312,0.42149038418836426,people are on the beach with boats in the background
0.45454545454545453,0.45454545454545453,0.5186046511627908,0.2315752937489343,BLIP-large,186,0.20244592,0.21768966,0.015243739,0.39997509727849234,araffes are standing on a ladder and a man is standing on a ladder
0.37499999999999994,0.37499999999999994,0.4600694444444445,0.07861577990140842,BLIP-large,187,0.26938245,0.22050443,-0.048878014,0.5081460875746979,arafed woman in a store selling various types of food
0.4000000000000001,0.33333333333333337,0.3064320388349515,0.3715082683214338,BLIP-large,188,0.22415438,0.20338932,-0.020765066,0.37733583010342675,araffe worker standing in front of a large machine in a large field
0.4999999999999999,0.42105263157894735,0.5022321428571428,0.5378599454154642,BLIP-large,189,0.22454631,0.256084,0.03153768,0.43483477864803133,there are two men sitting in a kitchen with a lot of food
0.32,0.24,0.21767241379310345,0.2010489478662209,BLIP-large,190,0.2505092,0.20921224,-0.04129696,0.39438050428952326,several people sitting on rocks near the water at sunset
0.5714285714285713,0.5714285714285713,0.5257936507936508,0.9495189272557123,BLIP-large,191,0.27985632,0.21598677,-0.06386955,0.581823902293573,boy in blue and white swim trunks standing on the beach
0.4705882352941177,0.3529411764705882,0.3076923076923077,0.4470815441222652,BLIP-large,192,0.29081234,0.24863467,-0.042177677,0.51673148483407,skier on top of a snowy mountain with a blue sky
0.5217391304347826,0.5217391304347826,0.46046046046046046,0.6236774394592169,BLIP-large,193,0.29859424,0.2555951,-0.04299915,0.5968310186076574,there are two people riding bikes and a bulldozer on the street
0.3076923076923077,0.3076923076923077,0.3430769230769231,0.3242026557545072,BLIP-large,194,0.23479076,0.18498342,-0.04980734,0.4011135019850659,several people riding bikes on a street with water spraying off the front
0.5405405405405405,0.45454545454545453,0.5627906976744186,0.9960753513349838,BLIP-large,195,0.3393948,0.28823853,-0.051156282,0.6866261826984762,there are two boys riding bikes on the street near a pile of sand
0.37037037037037035,0.29629629629629634,0.22822085889570554,0.414589399262275,BLIP-large,196,0.2553486,0.20626786,-0.04908073,0.41756661794288147,several people are standing around a bush with a stick
0.5714285714285715,0.380952380952381,0.32258064516129037,0.31415441052326953,BLIP-large,197,0.28369874,0.23560324,-0.048095495,0.5108807652981764,arafed surgeons in a hospital operating a patient in a surgical gown
0.4347826086956522,0.4347826086956522,0.41529605263157904,0.47843338982711986,BLIP-large,198,0.2717922,0.23813297,-0.033659235,0.5160363512771319,there is a dog that is jumping in the air with a frisbee
0.5833333333333334,0.5833333333333334,0.560374149659864,0.8970474884518056,BLIP-large,199,0.28864568,0.26521432,-0.02343136,0.6089510108348684,there is a man laying on the ground in a parking lot
0.4000000000000001,0.3,0.20000000000000004,0.05733263221301737,ViT-GPT2,0,0.15311128,0.20729409,0.054182813,0.20526504133787793,a woman standing next to a fence with a bat
0.25,0.25,0.29296875,0.0091315672182075,ViT-GPT2,1,0.21946286,0.20824775,-0.011215106,0.3484592969788551,a crane is attached to a crane on a boat
0.5882352941176471,0.5882352941176471,0.5975308641975308,1.0168543013144642,ViT-GPT2,2,0.20377335,0.20517826,0.0014049113,0.4451911165477439,a little girl standing next to a wooden fence
0.64,0.64,0.6777108433734939,0.9427923680708988,ViT-GPT2,3,0.25943208,0.20123515,-0.058196932,0.5844890933000149,a man is standing on a brick building with a window
0.5,0.4000000000000001,0.446,0.5033658185982057,ViT-GPT2,4,0.20933962,0.21299204,0.0036524236,0.3885295929349314,a man in a kitchen with a bowl of food
0.45454545454545453,0.45454545454545453,0.2776119402985075,0.64255592231635,ViT-GPT2,5,0.20237131,0.18757263,-0.014798686,0.35162520137086817,a man in a band playing a guitar
0.43478260869565216,0.4210526315789474,0.38027108433734946,0.0771079768254587,ViT-GPT2,6,0.21848316,0.2443534,0.025870234,0.3981428919903499,a man holding a teddy bear next to a teddy bear
0.4,0.34782608695652173,0.2652310924369748,0.24132356774183217,ViT-GPT2,7,0.27578384,0.26167196,-0.0141118765,0.47672946458623355,a young woman is on a cell phone in the street
0.4210526315789474,0.4210526315789474,0.20444444444444443,0.140622230053806,ViT-GPT2,8,0.20398395,0.18380149,-0.02018246,0.3335645184503751,a man and woman walking down a street
0.32,0.3,0.16304347826086954,0.25621907912716857,ViT-GPT2,9,0.23812562,0.20709124,-0.03103438,0.3703334432523643,a man in a black shirt is jumping on a skateboard
0.23529411764705882,0.23529411764705882,0.11235955056179774,5.53193819021716e-07,ViT-GPT2,10,0.16222742,0.17811799,0.015890568,0.19328874077426947,a girl is playing on a basketball court
0.2608695652173913,0.17391304347826086,0.12605042016806722,0.18655666609487664,ViT-GPT2,11,0.19408222,0.205435,0.0113527775,0.24837118750070497,a man jumping up into the air while another man watches
0.4444444444444444,0.4444444444444444,0.2222222222222222,0.4442079531820184,ViT-GPT2,12,0.22760576,0.20926374,-0.018342018,0.38971753684400245,a dog and a cat walking down a street
0.6666666666666665,0.6666666666666665,0.5853699504493155,0.22644475417210919,ViT-GPT2,13,0.21701409,0.1523439,-0.06467019,0.48530531205388194,a man in a green shirt is working on a green truck
0.7368421052631579,0.7368421052631579,0.6465763875643715,1.3772692494887067,ViT-GPT2,14,0.21750523,0.2242675,0.006762266,0.5125780161552361,a woman standing in front of a bus
0.5555555555555556,0.4444444444444444,0.2777777777777778,0.5449957197839115,ViT-GPT2,15,0.26804173,0.27395883,0.005917102,0.48285687062536586,a woman is cutting a cake with a knife
0.380952380952381,0.380952380952381,0.26976495726495725,0.22833408488656343,ViT-GPT2,16,0.16747405,0.16321367,-0.004260376,0.26454475283527656,a little boy sitting on a grass covered field
0.7000000000000001,0.7000000000000001,0.650318287037037,1.329091527982865,ViT-GPT2,17,0.28476405,0.24658217,-0.038181886,0.6423989081970495,a man laying on a bench with a dog
0.4375,0.380952380952381,0.2497874149659864,0.32630484053179654,ViT-GPT2,18,0.18300222,0.1969531,0.013950884,0.2920496232888168,a man sitting in a chair in a room with a table
0.25,0.25,0.17746913580246912,0.00799204634167415,ViT-GPT2,19,0.14522827,0.17673275,0.031504482,0.17476742596457664,a woman sitting in a chair with a guitar
0.6363636363636364,0.6363636363636364,0.5037252996436669,0.2550569704573773,ViT-GPT2,20,0.19886248,0.18053839,-0.018324092,0.4260935009475255,a person standing on a bench in the snow
0.47619047619047616,0.47619047619047616,0.36831683168316837,0.474343853160054,ViT-GPT2,21,0.2016576,0.19877338,-0.0028842092,0.37264733300133834,a crowd of people standing on a street with a sign
0.380952380952381,0.380952380952381,0.1834862385321101,0.038220229766758144,ViT-GPT2,22,0.17223473,0.17325859,0.0010238588,0.2569465079100504,a man and a woman are using a hair dryer
0.6,0.588235294117647,0.75625,0.9296977044458249,ViT-GPT2,23,0.3299308,0.27102572,-0.058905095,0.732857392879893,two children sitting on the beach playing with a toy
0.5454545454545455,0.4545454545454546,0.4056437389770724,0.17908036855620985,ViT-GPT2,24,0.16980718,0.20250762,0.032700434,0.3111721096497574,a man is holding a red and white kite
0.7999999999999999,0.7999999999999999,0.7120253164556962,1.356763013807417,ViT-GPT2,25,0.23283176,0.20295653,-0.029875234,0.569390708717936,a man wearing a hat and glasses
0.41379310344827586,0.2962962962962963,0.16336739037888462,0.27970049310204653,ViT-GPT2,26,0.19509901,0.1751258,-0.019973218,0.2823738990618573,a woman is painting a mural on a wall
0.4761904761904762,0.380952380952381,0.2688172043010753,0.03672405782575062,ViT-GPT2,27,0.1833957,0.15874769,-0.02464801,0.29665379300330236,a man is standing in front of a building with a suitcase
0.4444444444444444,0.4444444444444444,0.4265202702702703,0.4667229994685671,ViT-GPT2,28,0.2540569,0.23102653,-0.02303037,0.48423580886787787,a little girl is playing with a red and white ball
0.4210526315789474,0.3157894736842105,0.20202020202020204,0.08637160889731912,ViT-GPT2,29,0.19116208,0.20185034,0.01068826,0.28601665572794277,a man is holding a banana and a drink
0.4444444444444445,0.4444444444444445,0.3468406593406593,0.21825266637334823,ViT-GPT2,30,0.2348944,0.20044728,-0.03444712,0.4294269152991069,a man holding a tennis racquet on a tennis court
0.7368421052631577,0.631578947368421,0.6411049268192124,1.0156819725967274,ViT-GPT2,31,0.23059264,0.20762804,-0.022964597,0.5169801456578043,a man standing in a bathroom with a urinal
0.3529411764705882,0.3529411764705882,0.2634593356242841,0.47395870828635234,ViT-GPT2,32,0.22327028,0.16576195,-0.057508335,0.3708693752771821,people on a beach with a sunset
0.9473684210526316,0.9473684210526316,0.9041027559546079,2.9192209784236582,ViT-GPT2,33,0.2671613,0.23997468,-0.027186632,0.7069206451923146,a man sitting at a table with a beer
0.4800000000000001,0.32,0.3155006858710563,0.18652227544436104,ViT-GPT2,34,0.24098064,0.26303712,0.022056475,0.4106165607321113,a dog and a cat playing in a field
0.39999999999999997,0.3,0.21739130434782605,0.22586400147515615,ViT-GPT2,35,0.2434313,0.2440773,0.00064599514,0.3919660817858835,a man and a dog are standing by a parked car
0.761904761904762,0.761904761904762,0.7282110091743119,2.287478261172983,ViT-GPT2,36,0.29365808,0.28984168,-0.003816396,0.6884007858648973,a man riding a bike down a snow covered street
0.2222222222222222,0.2222222222222222,0.08771929824561403,0.0625769724605471,ViT-GPT2,37,0.22445759,0.25527564,0.030818045,0.3119861477990968,men standing next to each other
0.5555555555555556,0.5555555555555556,0.41333333333333333,0.10840982687445654,ViT-GPT2,38,0.23777708,0.19333352,-0.044443563,0.47079548246680136,a man in a kitchen working on a machine
0.35714285714285715,0.2857142857142857,0.14534883720930233,0.014041420411696467,ViT-GPT2,39,0.16553651,0.16303533,-0.0025011748,0.21668342830720735,a man pouring a glass of wine into a machine
0.27586206896551724,0.27586206896551724,0.21502890173410405,0.023624662423077654,ViT-GPT2,40,0.18259633,0.20577179,0.023175463,0.2632564661177793,a woman walking down a street with a bag of trash
0.5333333333333333,0.39999999999999997,0.4445422535211268,0.28094542653311577,ViT-GPT2,41,0.19413586,0.16495946,-0.0291764,0.3573957678134244,a man standing next to a parked car
0.4666666666666667,0.39999999999999997,0.39789789789789787,0.37928560451792226,ViT-GPT2,42,0.19818327,0.22857553,0.03039226,0.35627745138747025,a little girl sitting on the grass with a stuffed animal
0.25,0.25,0.11029411764705882,0.0005721635932604933,ViT-GPT2,43,0.20838074,0.20731921,-0.0010615289,0.2894432474053148,a soccer ball is being played on a city street
0.23529411764705882,0.23529411764705882,0.1648351648351648,1.7912669041267194e-06,ViT-GPT2,44,0.17544146,0.19352248,0.018081024,0.23058979803345747,a large white elephant is sitting on a concrete platform
0.5555555555555556,0.35294117647058826,0.3155006858710563,0.4940056911765847,ViT-GPT2,45,0.20820369,0.18988535,-0.01831834,0.35071362217277047,a bride and groom are posing for a picture
0.5263157894736842,0.5263157894736842,0.41682242990654206,0.15590932154579412,ViT-GPT2,46,0.18856078,0.19312598,0.0045651942,0.3658053879345723,a boy is playing with a toy truck
0.5217391304347826,0.5217391304347826,0.4429133858267717,0.4993942167245906,ViT-GPT2,47,0.24424843,0.24234629,-0.0019021481,0.48307596042855455,a dog is playing with a frisbee in the water
0.6,0.6,0.5625,0.607439682405795,ViT-GPT2,48,0.20131908,0.22140789,0.020088807,0.4355591722469183,a crowd of people sitting on benches at a park
0.4444444444444445,0.4444444444444445,0.49387755102040815,0.6807263395256301,ViT-GPT2,49,0.21269272,0.19638215,-0.016310573,0.4137960833917108,a man and woman sitting on a bench
0.4799999999999999,0.4799999999999999,0.37307380373073795,0.23126673676294446,ViT-GPT2,50,0.21615593,0.20296738,-0.013188556,0.40377189425694865,a woman sitting at a table with a bunch of food
0.4137931034482759,0.30769230769230765,0.20134228187919467,0.00558441360026305,ViT-GPT2,51,0.18692352,0.16139486,-0.025528654,0.27566331353911855,a man in a white shirt is on a red and white checkered rug
0.24999999999999994,0.24999999999999994,0.13392857142857142,0.003073934507967427,ViT-GPT2,52,0.20420198,0.17076278,-0.033439204,0.2856931198775501,a man in a white shirt is on a white and black rope
0.35714285714285715,0.3157894736842105,0.21627906976744188,0.028538375282124086,ViT-GPT2,53,0.20187968,0.21062393,0.008744255,0.3106101045952653,a man is bending over to grab a fire hydrant
0.39999999999999997,0.39999999999999997,0.2698663853727145,0.05292691173069193,ViT-GPT2,54,0.17303523,0.19981122,0.026775986,0.2796559624229149,a man in a suit and tie standing in the middle of a crowd
0.26086956521739135,0.26086956521739135,0.17871017871017872,0.0043510072607802625,ViT-GPT2,55,0.21102461,0.18596947,-0.02505514,0.31066371180633345,a man and woman standing on a sidewalk
0.35714285714285715,0.35714285714285715,0.20666666666666667,0.09050063187221655,ViT-GPT2,56,0.28395134,0.2624914,-0.021459937,0.4834484971344867,a little boy standing next to a fire hydrant
0.5,0.5,0.2777777777777778,0.7769013583671192,ViT-GPT2,57,0.24778463,0.22323862,-0.024546012,0.4528745207800676,a dog standing on a log in a forest
0.4444444444444444,0.4444444444444444,0.3297491039426523,0.15281776271089734,ViT-GPT2,58,0.2476965,0.17329037,-0.07440613,0.45197890398373386,a man walking down a street with a bunch of people
0.43478260869565216,0.34782608695652173,0.35830999066293184,0.15034906234406223,ViT-GPT2,59,0.15997285,0.1533123,-0.006660551,0.26041160117090956,a woman sitting on a bench in front of a river
0.4,0.32,0.17241379310344826,0.015892658606359716,ViT-GPT2,60,0.2611292,0.22054614,-0.04058306,0.4228724592715984,a man sitting in the grass with a hot dog
0.6666666666666666,0.6666666666666666,0.8799999999999999,2.028156614769545,ViT-GPT2,61,0.25318393,0.22696766,-0.026216269,0.6176052970817913,a dog running through the snow with its tongue out
0.7058823529411765,0.7058823529411765,0.66167290886392,1.2810367672938967,ViT-GPT2,62,0.26809487,0.22812457,-0.039970294,0.6120312731131772,a crowd of people walking down a street
0.4210526315789474,0.3157894736842105,0.35046728971962615,0.973393393986852,ViT-GPT2,63,0.25870514,0.22394925,-0.034755886,0.4527236137157302,two people standing in the snow with skis
0.5,0.3333333333333333,0.25,0.6300295328691201,ViT-GPT2,64,0.20542893,0.19321293,-0.012216002,0.328063050722058,a man is standing on a rock with a bunch of rocks
0.5217391304347826,0.5217391304347826,0.37860082304526754,0.12262911690411843,ViT-GPT2,65,0.14509304,0.15677497,0.011681929,0.2690672665236568,a man jumping in the air with a skateboard
0.43478260869565216,0.43478260869565216,0.3126050420168068,0.329043472646568,ViT-GPT2,66,0.18176496,0.17863853,-0.0031264275,0.31286929771248795,a man is playing with a toy bike in a park
0.43478260869565216,0.43478260869565216,0.27555555555555555,0.26229666696223936,ViT-GPT2,67,0.101220675,0.13827235,0.03705167,0.14206763285024154,a man standing next to a pile of garbage
0.3225806451612903,0.2580645161290323,0.16666666666666666,0.020387834367409485,ViT-GPT2,68,0.1818932,0.15823375,-0.023659453,0.2485981499732361,a person on a cell phone in front of a large building
0.39999999999999997,0.39999999999999997,0.23662551440329216,0.051778812944965266,ViT-GPT2,69,0.20656991,0.22119041,0.014620498,0.34103607760334537,a man standing next to a red fire hydrant
0.5,0.5,0.6194444444444446,0.6577960014226871,ViT-GPT2,70,0.2504032,0.24639893,-0.00400427,0.5265198653890073,a dog running in the grass with a frisbee
0.6923076923076923,0.6153846153846154,0.5735930735930735,0.8273601954650976,ViT-GPT2,71,0.31686604,0.21734151,-0.09952453,0.6752527356022034,a man and a little girl are in a cart
0.47058823529411764,0.47058823529411764,0.3896604938271605,0.43923362184894665,ViT-GPT2,72,0.23842758,0.23220581,-0.0062217712,0.45038704227232473,a dog running in the grass with a frisbee
0.8333333333333333,0.7500000000000001,0.7324218750000001,1.4951079671266922,ViT-GPT2,73,0.13606402,0.1622352,0.026171178,0.3671674306466048,a woman sitting at a table with a glass of water
0.48000000000000004,0.32,0.4920107577914886,0.09822523778625555,ViT-GPT2,74,0.20178387,0.23208937,0.030305505,0.3664041786766228,a man in a white shirt is running with a white frisbee
0.4615384615384615,0.4444444444444444,0.5681818181818182,0.3936157916716553,ViT-GPT2,75,0.21453378,0.20121644,-0.013317332,0.4323916892274802,two men are walking through the snow with a pair of skis
0.41176470588235287,0.4000000000000001,0.26315789473684215,0.6191928422734513,ViT-GPT2,76,0.27041498,0.22831684,-0.042098135,0.47585836580763535,a man in a hat is standing in front of a wooden cabinet
0.2222222222222222,0.2222222222222222,0.09677419354838708,0.002635924373714211,ViT-GPT2,77,0.1760241,0.20625815,0.030234054,0.2155451561929141,a man and a woman playing a game with a wii
0.6923076923076923,0.6923076923076923,0.4978354978354978,1.1726082879659692,ViT-GPT2,78,0.18358862,0.17444897,-0.009139657,0.4051198814276312,a man in a hat is sitting in a car
0.4210526315789474,0.34782608695652173,0.24350649350649353,0.35858661521055774,ViT-GPT2,79,0.22369878,0.2136502,-0.010048583,0.3667250376020938,a man holding a frisbee in front of a lake
0.41379310344827586,0.4000000000000001,0.31562500000000004,0.12188107457712877,ViT-GPT2,80,0.16703713,0.15327474,-0.013762385,0.27663995747918296,a woman sitting on a bench next to a river
0.5714285714285714,0.4761904761904762,0.40888888888888886,0.3268441171528953,ViT-GPT2,81,0.19625717,0.185079,-0.011178181,0.36980647878649997,a car parked next to a parking meter
0.7142857142857143,0.7142857142857143,0.7193548387096775,0.9711534010244033,ViT-GPT2,82,0.24321844,0.25249445,0.009276018,0.5747841184334805,a dog in the water with a frisbee
0.5555555555555556,0.5555555555555556,0.5439024390243904,0.22059531601213558,ViT-GPT2,83,0.22498389,0.21024416,-0.014739722,0.47095708044022344,a man standing next to a skier in the snow
0.75,0.6250000000000001,0.7098765432098765,1.9720475676255496,ViT-GPT2,84,0.29102987,0.26515967,-0.025870204,0.652021371223082,two dogs playing on the beach with a ball
0.2962962962962963,0.2727272727272727,0.13636363636363635,0.006771039631076933,ViT-GPT2,85,0.17349502,0.1872468,0.013751775,0.22843359551486353,a man is in the snow with a pair of skis
0.4,0.4,0.2937420178799489,0.4269967625915052,ViT-GPT2,86,0.18630387,0.19819753,0.01189366,0.31134778028597415,people are standing in a field
0.375,0.375,0.23379629629629628,0.15684231402404292,ViT-GPT2,87,0.1985581,0.21531495,0.016756848,0.3192175271522462,a man walking down a street with a snowboard
0.6666666666666667,0.6666666666666667,0.5409071180555556,2.300487201712224,ViT-GPT2,88,0.22345616,0.2137385,-0.009717658,0.4894810992029896,a bride and groom are cutting their wedding cake
0.5454545454545454,0.5,0.3814262023217247,0.39046461188186227,ViT-GPT2,89,0.2569293,0.24950069,-0.0074286163,0.49215505892148,three people standing in the snow with skis
0.7,0.7,0.6724489795918367,1.1377599493003885,ViT-GPT2,90,0.26723665,0.23738903,-0.029847622,0.6112690406369321,a black dog with a green frisbee in its mouth
0.4210526315789474,0.3,0.20629084967320263,0.5573216760428447,ViT-GPT2,91,0.22193769,0.20311287,-0.018824816,0.34614414478076017,a market with a lot of vegetables and people
0.47058823529411764,0.37500000000000006,0.2860383064516129,0.08160163307186859,ViT-GPT2,92,0.18832774,0.22194059,0.033612847,0.30891266297656506,a man in a white shirt and black shorts is playing a game of frisbee
0.4444444444444445,0.37037037037037035,0.2382060831781502,0.20609984171259882,ViT-GPT2,93,0.28215352,0.2933814,0.011227876,0.4887548233459766,a man jumping a skateboard in the air
0.5263157894736842,0.5263157894736842,0.25252525252525254,0.976962530293357,ViT-GPT2,94,0.25428337,0.20731495,-0.046968415,0.46627048596063136,a boy in a kayak paddling in the water
0.43478260869565216,0.34782608695652173,0.3585185185185185,0.41849049340612055,ViT-GPT2,95,0.24648108,0.23037611,-0.016104966,0.4359435035119582,a man and a woman sitting on a bench
0.28571428571428564,0.28571428571428564,0.14851485148514848,0.004529665042957029,ViT-GPT2,96,0.17250367,0.14641127,-0.026092395,0.23145017410634122,a dog is standing on a sidewalk next to a sign
0.6153846153846154,0.588235294117647,0.5095890410958904,1.6979542678894726,ViT-GPT2,97,0.23504423,0.16107392,-0.0739703,0.4910387084198421,two men are standing on a roof of a building
0.35714285714285715,0.2857142857142857,0.20666666666666667,0.02141101323596853,ViT-GPT2,98,0.23126537,0.22298005,-0.008285314,0.3622842538688296,a man and woman are standing on a sidewalk
0.9473684210526316,0.7058823529411765,0.6952238433719916,2.8299866119255874,ViT-GPT2,99,0.28640786,0.2500991,-0.036308765,0.6558911087655059,a man sleeping on a couch in a room
0.380952380952381,0.28571428571428564,0.31250000000000006,0.07670274390964449,ViT-GPT2,100,0.16393912,0.19345124,0.029512122,0.24687320370270593,a woman is talking on a cell phone while others watch
0.24,0.24,0.10309278350515463,0.23001635396929337,ViT-GPT2,101,0.21016727,0.19068508,-0.019482195,0.28962712716545946,a woman holding a rainbow colored umbrella
0.25,0.19999999999999998,0.11358024691358025,0.006720309264554862,ViT-GPT2,102,0.20048702,0.23172316,0.031236142,0.2640872964856992,a man is cutting up a bunch of food
0.43243243243243246,0.41379310344827586,0.34307065217391297,0.18578818850433526,ViT-GPT2,103,0.15336533,0.18570958,0.032344252,0.2571531569168896,a woman in a pink dress is standing in a mall
0.5,0.5,0.46875,0.7393604961043361,ViT-GPT2,104,0.24019095,0.22530273,-0.014888227,0.475664468060795,three people sitting on steps with a skateboard
0.43478260869565216,0.43478260869565216,0.2097902097902098,0.31775114308810193,ViT-GPT2,105,0.21763834,0.23809561,0.020457268,0.3650789118266826,a dog and a cat are playing outside
0.3636363636363636,0.3636363636363636,0.1694915254237288,0.03812881509579113,ViT-GPT2,106,0.21819615,0.21831658,0.000120431185,0.3439214968836672,a little boy holding a baseball bat on a fence
0.5333333333333333,0.5333333333333333,0.5281690140845071,0.1292581461990742,ViT-GPT2,107,0.17516539,0.21622512,0.041059732,0.36230436895067114,a man standing next to a large clock
0.3225806451612903,0.3225806451612903,0.14018691588785046,0.24554570445456056,ViT-GPT2,108,0.24246699,0.20016843,-0.042298555,0.37908513069120636,a boy holding a bat and a fence
0.3157894736842105,0.3157894736842105,0.14097744360902253,0.6029725706635445,ViT-GPT2,109,0.23522478,0.21834382,-0.01688096,0.36319350268762424,a tent with a person in it
0.4210526315789474,0.4210526315789474,0.3468406593406593,0.2689973284166213,ViT-GPT2,110,0.2125945,0.22846887,0.015874371,0.37951107669085266,a man and a dog are walking through a field
0.8421052631578948,0.8421052631578948,0.78677398989899,1.0308652453129188,ViT-GPT2,111,0.26588982,0.23095143,-0.034938395,0.6598229291699204,a woman standing in front of a tall building
0.4615384615384615,0.3846153846153846,0.39473684210526316,0.1631584119969244,ViT-GPT2,112,0.23456755,0.22842896,-0.006138593,0.4263773095649873,a woman in a pink dress and a small child in a pink dress
0.3636363636363636,0.2727272727272727,0.267478813559322,0.689794941499128,ViT-GPT2,113,0.1825143,0.19504854,0.012534246,0.27295308174368305,a fruit stand with a bunch of bananas on it
0.5263157894736842,0.42105263157894735,0.33938172043010756,0.42444759099416374,ViT-GPT2,114,0.20118132,0.21659635,0.015415028,0.3548665808396768,a little girl sitting at a table with a plate of donuts
0.47058823529411764,0.35294117647058826,0.22471910112359547,0.3492829646131128,ViT-GPT2,115,0.23093237,0.22879925,-0.0021331161,0.3786646042498323,a young boy eating a piece of pizza
0.588235294117647,0.4347826086956522,0.4024496937882765,1.2813292378873553,ViT-GPT2,116,0.24254443,0.2099481,-0.032596335,0.45413517611409104,a man in a black shirt and a guitar playing
0.5000000000000001,0.5000000000000001,0.3034855769230769,0.3666790750179335,ViT-GPT2,117,0.22503737,0.26247036,0.037433,0.4118710867339106,a young boy swinging a baseball bat at a ball
0.5925925925925926,0.5925925925925926,0.3206896551724139,0.28893441994613084,ViT-GPT2,118,0.22537939,0.22946483,0.0040854365,0.4345242539907964,a man in a boat on a lake
0.7999999999999999,0.7999999999999999,0.650318287037037,1.4955893030782272,ViT-GPT2,119,0.24074295,0.18606243,-0.054680526,0.5730979073237502,a woman in a black shirt playing a guitar
0.2857142857142857,0.2857142857142857,0.18244219653179192,0.11765663379291508,ViT-GPT2,120,0.1682282,0.18306446,0.014836267,0.2295624423393636,a boy standing on a sidewalk next to a fire hydrant
0.5833333333333334,0.5833333333333334,0.46668667466986796,0.37864775956009467,ViT-GPT2,121,0.2833565,0.26645312,-0.01690337,0.5794838751611752,a woman sitting at a table with plates of food
0.5833333333333334,0.4999999999999999,0.5636160714285714,0.913547579781335,ViT-GPT2,122,0.25483984,0.2242427,-0.030597135,0.5243543422302527,a person laying on a green lawn with a red and white blanket
0.48,0.48,0.29406130268199226,0.9385844571243327,ViT-GPT2,123,0.24824142,0.24017535,-0.008066073,0.453057878195362,a bridge with a large fence and a sky background
0.7096774193548386,0.5499999999999999,0.4503761574074074,0.18387752673174834,ViT-GPT2,124,0.1956486,0.21121888,0.015570283,0.39163127805865117,a man in a suit and tie standing next to a woman in a dress
0.7999999999999999,0.7999999999999999,0.7922535211267605,1.2363734937829205,ViT-GPT2,125,0.24428184,0.21024239,-0.034039453,0.6086639335352784,a small child standing in a grassy field
0.35294117647058826,0.35294117647058826,0.1851851851851852,0.020363671641566175,ViT-GPT2,126,0.2421501,0.20761949,-0.03453061,0.39351405308064435,a man is preparing a meal in a kitchen
0.5,0.5,0.32877604166666663,0.14192909979997942,ViT-GPT2,127,0.2148379,0.23224479,0.017406896,0.39623857700537735,people are sitting on a hillside
0.5384615384615385,0.3703703703703704,0.41553748870822044,0.5683284972147832,ViT-GPT2,128,0.20097558,0.18169715,-0.019278437,0.3595439183598482,a large group of people on a bridge with a large red and white train
0.47058823529411764,0.47058823529411764,0.46296296296296297,0.16894047445933252,ViT-GPT2,129,0.16607894,0.1616111,-0.004467845,0.3182814185792199,a boy and a boy playing in a waterway
0.2222222222222222,0.2222222222222222,0.11904761904761905,0.01969566122185945,ViT-GPT2,130,0.25972646,0.23699358,-0.022732884,0.38979808568616814,a man sitting on a bench next to a cart of food
0.4347826086956522,0.4347826086956522,0.2929133858267717,0.26275115591802983,ViT-GPT2,131,0.27120245,0.22097637,-0.050226077,0.49036343722621056,a man and woman smile while holding a game controller
0.5,0.5,0.35493827160493824,0.23544061441299421,ViT-GPT2,132,0.15096076,0.14704148,-0.0039192736,0.27189015928021304,a man sitting on a chair with a guitar
0.4,0.4,0.3099415204678362,0.34111699387843764,ViT-GPT2,133,0.20063531,0.20077446,0.00013914704,0.34366038450360176,people standing in the snow
0.34782608695652173,0.34782608695652173,0.15748031496062992,0.3868829392872655,ViT-GPT2,134,0.23665169,0.24177416,0.005122468,0.37579601333996293,a baseball player is swinging a bat at a ball
0.5714285714285714,0.5714285714285714,0.3546348314606741,0.8703953447417261,ViT-GPT2,135,0.24098735,0.23375449,-0.0072328597,0.4687427069279691,a man riding a bike down a street
0.6956521739130435,0.631578947368421,0.46855921855921845,0.7494951226903352,ViT-GPT2,136,0.23959278,0.24017563,0.0005828589,0.5007286414950202,a man is working on a ladder in a garage
0.37499999999999994,0.37499999999999994,0.3993055555555556,0.08561463562851777,ViT-GPT2,137,0.22161712,0.18950874,-0.03210838,0.3990967818038348,a crane is attached to a building with a building
0.4799999999999999,0.4,0.3126050420168068,0.3297579685869035,ViT-GPT2,138,0.2219993,0.21599977,-0.0059995353,0.387531977795769,a man in a blue shirt is looking at his phone
0.4545454545454546,0.4,0.46737213403880074,0.5295703957266965,ViT-GPT2,139,0.22889267,0.2245073,-0.004385367,0.43246924797285846,two women walking down the street with their luggage
0.5454545454545455,0.5454545454545455,0.4673721340388008,0.13163723663682378,ViT-GPT2,140,0.20618647,0.2126191,0.0064326227,0.4154984727337912,a person sitting on the ground with a laptop
0.8,0.8,0.6768837803320561,1.4844477149877973,ViT-GPT2,141,0.22602618,0.20218825,-0.023837924,0.5485566253848903,people sitting at a table eating
0.4444444444444444,0.3703703703703703,0.275089605734767,0.4289657508648371,ViT-GPT2,142,0.2986754,0.26607096,-0.032604426,0.5296477196639251,a person standing on a beach with a bunch of fruit
0.64,0.64,0.6861538461538462,0.23272873967228402,ViT-GPT2,143,0.21171345,0.22433296,0.01261951,0.4893759017537054,a man in a hat is standing in a dirt field
0.5263157894736842,0.4210526315789474,0.49010989010989015,0.38385980271802145,ViT-GPT2,144,0.20015559,0.20493281,0.004777223,0.3829314107639583,a woman and a baby are sitting on a bike
0.33333333333333337,0.33333333333333337,0.15792181069958847,0.004988045579292987,ViT-GPT2,145,0.1912639,0.1830226,-0.008241296,0.280912300236398,a woman cooking a hot dog in a pot
0.45454545454545453,0.39999999999999997,0.3650793650793651,0.5115088072415925,ViT-GPT2,146,0.23702365,0.22784841,-0.009175241,0.42850516797106086,a baby is holding a baby's hand
0.3448275862068965,0.3448275862068965,0.16778523489932884,0.06182540588931308,ViT-GPT2,147,0.1497939,0.16658641,0.01679252,0.2010579717352058,a person wearing a black and white outfit with a black and white headband
0.4347826086956522,0.4347826086956522,0.1968503937007874,0.057155078183351055,ViT-GPT2,148,0.16420543,0.14745985,-0.016745582,0.2540971894892596,a man in a suit holding a pair of scissors
0.625,0.625,0.4653846153846154,1.3756399047726662,ViT-GPT2,149,0.26899347,0.24637842,-0.022615045,0.5584200389002654,people sitting on a beach
0.3157894736842105,0.3157894736842105,0.2388369678089304,0.15974914848787664,ViT-GPT2,150,0.2338619,0.19995382,-0.03390807,0.38000065512311076,a couple people are hiking up a mountain
0.5185185185185186,0.4444444444444445,0.3262529501596558,0.07933603181715028,ViT-GPT2,151,0.19027641,0.22441286,0.034136444,0.33479754271146683,a man standing next to a wooden pole holding a baseball bat
0.28571428571428575,0.28571428571428575,0.16129032258064518,0.2193480064788629,ViT-GPT2,152,0.13807686,0.16007128,0.021994427,0.16416720301732676,a woman washing a baby in a bathtub
0.29629629629629634,0.29629629629629634,0.12269938650306748,0.011100718022643305,ViT-GPT2,153,0.2049458,0.22580425,0.020858452,0.294215454550029,a woman is sitting on the sidewalk with a dog
0.4705882352941176,0.4615384615384615,0.43472183393905506,0.22745314011650947,ViT-GPT2,154,0.26918632,0.27185398,0.0026676655,0.5199863912230919,a little girl in a red dress playing with a frisbee
0.6666666666666667,0.5833333333333334,0.4877387152777778,0.32032385144602554,ViT-GPT2,155,0.2592211,0.24324779,-0.015973315,0.534733360275871,a boy sitting on the ground with a book
0.64,0.64,0.4732510288065843,0.9877251338424466,ViT-GPT2,156,0.27862537,0.25504512,-0.023580253,0.582532553699985,a boy is doing a trick on a skateboard
0.6250000000000001,0.6250000000000001,0.6194444444444446,0.870062257007736,ViT-GPT2,157,0.26210535,0.21777573,-0.044329613,0.5752587933458992,two children sitting on the grass with a frisbee
0.4210526315789474,0.32,0.3188131313131313,0.2544454017682891,ViT-GPT2,158,0.22781692,0.22739512,-0.00042180717,0.3845751968145157,a man holding a hot dog in his hand
0.34782608695652173,0.3333333333333333,0.21842355175688513,0.05481805444134068,ViT-GPT2,159,0.2136773,0.1942368,-0.019440502,0.33848037441265555,a man on a bus driving down the street
0.4761904761904762,0.42857142857142855,0.4732510288065844,0.7010539181709142,ViT-GPT2,160,0.17890324,0.19300339,0.014100149,0.33795098029566917,a man in a wet suit holding a paddle
0.28571428571428575,0.26666666666666666,0.2380952380952381,0.00179055753851566,ViT-GPT2,161,0.1791576,0.20546864,0.02631104,0.25905486902399166,a woman in a bikini is on a surfboard
0.4444444444444444,0.3448275862068966,0.3506944444444444,0.24207374081491784,ViT-GPT2,162,0.20991056,0.2264011,0.016490549,0.359592201251662,a woman jumping in the air on a skateboard
0.7368421052631577,0.7368421052631577,0.8782623626373625,1.4990132196335537,ViT-GPT2,163,0.26616973,0.22634843,-0.039821297,0.657635782914336,a man and woman sitting at a table with food
0.380952380952381,0.2857142857142857,0.2525,0.016547862701194245,ViT-GPT2,164,0.17853497,0.1992075,0.02067253,0.2644822806142031,a white plate topped with meat and vegetables
0.26666666666666666,0.26666666666666666,0.14084507042253522,0.0131396055427479,ViT-GPT2,165,0.1612582,0.1613508,9.2595816e-05,0.20329420696286427,a man and woman are in a room
0.2105263157894737,0.2105263157894737,0.25813692480359146,1.8137307873476398e-06,ViT-GPT2,166,0.16324084,0.13855594,-0.024684891,0.21954646035352862,a man is holding a skateboard and a pole
0.3,0.3,0.27777777777777773,0.0686994414930133,ViT-GPT2,167,0.25892887,0.24302953,-0.01589933,0.43548166619583095,a young boy is making a peanut butter and jelly dough
0.4615384615384615,0.4615384615384615,0.3650793650793651,0.1340262902697886,ViT-GPT2,168,0.16992314,0.15239708,-0.01752606,0.3046930738889413,two men playing frisbee in the rain
0.6,0.6,0.4263888888888889,0.3418313272605845,ViT-GPT2,169,0.23955666,0.21405157,-0.02550508,0.48590551237984525,a woman is standing on a street with a car
0.5714285714285715,0.5714285714285715,0.5424733996162567,0.35371089275117035,ViT-GPT2,170,0.2522479,0.22806057,-0.024187326,0.5291535290772247,a child sitting on a bench reading a book
0.3333333333333333,0.3333333333333333,0.3271604938271605,0.45167272950609566,ViT-GPT2,171,0.1855895,0.16899231,-0.016597196,0.3032489913442491,two women are eating a sandwich at a table
0.28571428571428575,0.28571428571428575,0.16129032258064518,0.12267230883378974,ViT-GPT2,172,0.20988211,0.18918268,-0.020699427,0.30983101071294017,people walking down a street with a sign
0.6153846153846153,0.6153846153846153,0.7934426229508196,0.7307507748267341,ViT-GPT2,173,0.27361336,0.21146795,-0.062145412,0.6314804641320074,a dog running on a rocky beach
0.5,0.39999999999999997,0.2314814814814815,0.6105963940640544,ViT-GPT2,174,0.25931436,0.19424495,-0.06506941,0.4470044163470841,a man jumping in the air over a pool
0.4,0.32,0.3074380165289256,0.03688794165114759,ViT-GPT2,175,0.19056605,0.18042453,-0.010141522,0.3067332170350531,a man is standing outside of a building talking on a cell phone
0.7058823529411765,0.7058823529411765,0.7270233196159123,1.1266825884212446,ViT-GPT2,176,0.24074247,0.23495746,-0.005785018,0.5696144171180916,a dog running on the beach with a surfboard
0.5833333333333334,0.5263157894736842,0.4958545918367347,0.4818004209628419,ViT-GPT2,177,0.2548968,0.19912562,-0.055771172,0.5161807372552105,a man in a bath tub with a bucket of water
0.5714285714285713,0.5714285714285713,0.46890927624872564,0.5204079978973598,ViT-GPT2,178,0.2764804,0.26260903,-0.013871372,0.563598656298804,a man is sitting on the sidewalk with a bus
0.33333333333333337,0.26666666666666666,0.15625000000000003,0.3455966118291961,ViT-GPT2,179,0.19951603,0.20652495,0.007008925,0.2839848356660107,a little boy standing next to a tree with a frisbee
0.5,0.5,0.36687507372891354,0.7819095818755208,ViT-GPT2,180,0.27477512,0.22083792,-0.053937197,0.5254467603054535,a man in a car with a pillow on his head
0.2727272727272727,0.2727272727272727,0.12711864406779658,0.09343285923056752,ViT-GPT2,181,0.18380989,0.17851487,-0.0052950233,0.24750928867283886,a woman sitting on a bus looking out the window
0.45454545454545453,0.3636363636363636,0.31525423728813556,0.015195631022598365,ViT-GPT2,182,0.22141126,0.1808755,-0.040535763,0.37959618515647053,a man holding a knife in front of a wall
0.4210526315789474,0.3157894736842105,0.2949766355140187,0.11931821856887803,ViT-GPT2,183,0.16189401,0.15081237,-0.011081636,0.24523486791454002,a street scene with a lot of traffic
0.22222222222222224,0.11111111111111112,0.10204081632653061,5.363491649713985e-05,ViT-GPT2,184,0.22642866,0.18604665,-0.040382013,0.29662672462347695,a fire truck is seen in the distance
0.6153846153846154,0.6153846153846154,0.48701298701298706,0.9142599050691156,ViT-GPT2,185,0.19944113,0.18768117,-0.011759967,0.4197290947373144,people standing on the beach
0.3448275862068966,0.27586206896551724,0.14450867052023122,0.04466525044532513,ViT-GPT2,186,0.17755905,0.1657293,-0.011829749,0.23893382098880134,a man standing next to a blue and yellow fire hydrant
0.37499999999999994,0.37499999999999994,0.3993055555555556,0.023508797614153542,ViT-GPT2,187,0.15197638,0.16721599,0.015239611,0.25782389497997293,a man is looking at a wall of stuffed animals
0.11764705882352941,0.11764705882352941,0.05154639175257732,1.0989758861817216e-06,ViT-GPT2,188,0.11068283,0.1102475,-0.00043532997,0.05303357510260552,a person standing next to an elephant
0.34782608695652173,0.2608695652173913,0.33223684210526316,0.0038825955675753972,ViT-GPT2,189,0.19166681,0.2218119,0.030145094,0.30209989933620174,a kitchen filled with lots of food and a woman in a white shirt
0.41666666666666663,0.41666666666666663,0.3279411764705883,0.19233332387600244,ViT-GPT2,190,0.13998975,0.18686916,0.04687941,0.22756833363659557,a man and a woman are sitting on a bench
0.4210526315789474,0.4210526315789474,0.256551724137931,0.5529822216271411,ViT-GPT2,191,0.24918689,0.239621,-0.00956589,0.43568445227692754,a young boy standing on a beach holding a surfboard
0.42857142857142855,0.42857142857142855,0.41218637992831536,0.3523773574836198,ViT-GPT2,192,0.25563866,0.25444722,-0.0011914372,0.4814031751674386,a person on a snowboard on a mountain
0.4444444444444445,0.29629629629629634,0.18404907975460122,0.4150723452319933,ViT-GPT2,193,0.23610987,0.19143762,-0.04467225,0.3697046723269115,a man on a dirt bike is pulling a truck
0.33333333333333326,0.33333333333333326,0.2607709750566893,0.20905485864603957,ViT-GPT2,194,0.21087489,0.22524074,0.014365852,0.3412648894627656,a man riding a bike down a street
0.43478260869565216,0.4210526315789474,0.38027108433734946,0.4219921181170028,ViT-GPT2,195,0.2497144,0.2411814,-0.008533001,0.4614984408665427,a man riding a bike on top of a dirt road
0.1818181818181818,0.1818181818181818,0.21657250470809788,0.07240524097314513,ViT-GPT2,196,0.2172953,0.1619451,-0.0553502,0.31514659681321977,two men standing next to each other near a tree
0.2857142857142857,0.23076923076923078,0.1724137931034483,0.011520321959850829,ViT-GPT2,197,0.20093551,0.21632853,0.015393019,0.2829176670780448,a hospital room with a man in a blue shirt and a woman in a pink shirt
0.7999999999999999,0.7999999999999999,0.8294209702660407,1.2779927004999454,ViT-GPT2,198,0.28755572,0.2873145,-0.00024122,0.7038826197567218,a dog jumping up to catch a frisbee
0.608695652173913,0.6,0.5625,0.8392856065802988,ViT-GPT2,199,0.2665794,0.24080586,-0.025773525,0.5679459292535907,a man laying in the street next to a truck
0.6666666666666666,0.5714285714285713,0.5667811679127096,0.6512605604036212,GIT-base,0,0.244512,0.2339578,-0.010554209,0.5183220854640261,a man standing in a garden looking at a cell phone.
0.26666666666666666,0.26666666666666666,0.12658227848101264,0.004679203447173313,GIT-base,1,0.22177544,0.19738725,-0.024388194,0.3232066367607866,a group of people climbing a tower.
0.5925925925925926,0.5925925925925926,0.6332571138211383,0.8228234991503909,GIT-base,2,0.19868253,0.17968106,-0.019001469,0.4428806165424814,a little girl in a pink dress and pink dress looking out of a window.
0.7692307692307693,0.7692307692307693,0.4831168831168831,1.724674065202286,GIT-base,3,0.25055718,0.24799314,-0.0025640428,0.5534128875358737,a man on a ladder
0.7499999999999999,0.6666666666666666,0.5260416666666666,1.0436533704222366,GIT-base,4,0.2647945,0.24567509,-0.019119412,0.5703667744587189,two men cooking in a kitchen
0.4615384615384615,0.4615384615384615,0.38239538239538234,0.5271399586489305,GIT-base,5,0.20687895,0.13574666,-0.07113229,0.38312465086023334,person and the guitar player.
0.7142857142857143,0.7142857142857143,0.6205128205128205,1.2767558512543324,GIT-base,6,0.2909514,0.25759676,-0.03335464,0.6518465866434129,a man holding a stuffed animal
0.5,0.5,0.41360294117647056,0.393872057558787,GIT-base,7,0.27289903,0.26692194,-0.005977094,0.5309865143592349,a woman on a cell phone in a parking lot.
0.380952380952381,0.380952380952381,0.28956422018348627,0.0757460281900254,GIT-base,8,0.16580127,0.19772016,0.031918883,0.26511122264336184,a woman in a blue dress and a blue dress
0.16666666666666666,0.16666666666666666,0.07352941176470587,0.00010981350343137492,GIT-base,9,0.20537956,0.20265342,-0.0027261376,0.2593354529624997,a shirtless man in black shorts and a black shorts
0.5714285714285715,0.5714285714285715,0.42220744680851063,0.6218798536579101,GIT-base,10,0.25477782,0.24124464,-0.013533175,0.5102325208781339,dancers in a studio
0.5142857142857142,0.4,0.46487603305785125,1.1596981628620788,GIT-base,11,0.29105395,0.17769514,-0.11335881,0.5580701183309602,a group of young men jumping up and down a flight of stairs.
0.6666666666666667,0.6666666666666667,0.5913134484563056,1.8261160930059575,GIT-base,12,0.2705682,0.24849641,-0.022071779,0.5951336185728742,two dogs playing with each other on the road.
0.7000000000000001,0.6,0.31820066334991703,0.9408759841490464,GIT-base,13,0.21650465,0.23496744,0.018462792,0.41750467183307716,a man driving a tractor down the street.
0.4444444444444444,0.4444444444444444,0.2977594339622642,0.5525149476585912,GIT-base,14,0.1945985,0.17791685,-0.016681641,0.33786659476843717,a woman standing next to a bus.
0.5,0.5,0.4043478260869566,0.04745903346879431,GIT-base,15,0.2604572,0.22107753,-0.039379656,0.503896024260442,a woman is holding a spoon and a bowl of food.
0.5263157894736842,0.3846153846153846,0.30000000000000004,0.4424836153821587,GIT-base,16,0.28819495,0.25480673,-0.033388227,0.5162182416947068,girl painting a rainbow over a rainbow.
0.6666666666666667,0.6666666666666666,0.5251825500842539,1.2730541659081123,GIT-base,17,0.2864377,0.26750764,-0.018930048,0.6141002301642218,a man laying on a bench next to a dog.
0.3870967741935483,0.3225806451612903,0.223240255962769,0.05536346267379228,GIT-base,18,0.2877321,0.20636626,-0.08136584,0.48752038959213795,a woman sits on a chair while others watch the music
0.4705882352941177,0.4705882352941177,0.35714285714285715,0.2699422218667869,GIT-base,19,0.25359225,0.20799494,-0.045597315,0.4746465015967676,a group of people playing music.
0.5555555555555556,0.5555555555555556,0.42613636363636365,0.17067174369911284,GIT-base,20,0.24228601,0.28033647,0.038050458,0.4825028780719587,a man standing on a boat ramp.
0.36363636363636365,0.3333333333333333,0.19230769230769232,0.068979711277281,GIT-base,21,0.31391343,0.23074722,-0.08316621,0.5365957610077199,a man holding a toothbrush in his hand while walking down a crowded street.
0.5333333333333333,0.5333333333333333,0.39952531645569617,0.1120748275480046,GIT-base,22,0.15824449,0.17034721,0.012102723,0.30224998079591425,a man is working on a computer.
0.5333333333333333,0.5333333333333333,0.39473684210526316,0.554933980486648,GIT-base,23,0.27638802,0.24768892,-0.0286991,0.5409577056026998,children playing in the sand
0.5714285714285714,0.5142857142857142,0.44002112629563606,0.6082672364893359,GIT-base,24,0.26824477,0.1937165,-0.07452828,0.5296856868456121,a man in a orange vest and orange vest stands in the middle of the street.
0.6666666666666666,0.47619047619047616,0.4399925107657742,0.6922856251131486,GIT-base,25,0.29924765,0.1913309,-0.10791676,0.5849532143506271,a man wearing a hat with a beer on it.
0.3478260869565218,0.3478260869565218,0.18899700598802394,0.20847177108104487,GIT-base,26,0.24230297,0.20953318,-0.032769784,0.39356351277258694,a person painting a city
0.2857142857142857,0.2857142857142857,0.11627906976744186,2.961601077013296e-06,GIT-base,27,0.24655615,0.18447846,-0.062077686,0.37522554432930505,a woman cleaning a street
0.4,0.4,0.2652652652652652,0.24634183478966978,GIT-base,28,0.18802647,0.17564899,-0.012377486,0.3091468963990659,girl in pink
0.5714285714285713,0.5714285714285713,0.42216721672167207,0.41735201906542563,GIT-base,29,0.30509508,0.21136577,-0.0937293,0.6122978326032185,a young man sitting on a train with a cell phone.
0.47058823529411764,0.47058823529411764,0.46296296296296297,0.2906915000210737,GIT-base,30,0.2526045,0.20785557,-0.044748947,0.4938068012383602,a man holding a tennis racket in his hand.
0.4827586206896552,0.4827586206896552,0.45244512899499423,0.4300802916757718,GIT-base,31,0.24300541,0.20098859,-0.04201682,0.4746646121767173,a man sitting on a toilet with a cup in the corner of a tiled wall
0.4444444444444444,0.4444444444444444,0.41666666666666663,0.941225732971091,GIT-base,32,0.24061956,0.2191051,-0.02151446,0.45500615053329047,silhouettes of people walking on the beach at sunset.
0.9473684210526316,0.9473684210526316,0.9041027559546079,2.9192209784236582,GIT-base,33,0.2671613,0.21025187,-0.056909442,0.7069206451923146,a man sitting at a table with a beer
0.5,0.5,0.35714285714285715,0.542925954057142,GIT-base,34,0.28011343,0.26304632,-0.017067105,0.5343295905598406,a dog running through a yard.
0.5833333333333334,0.5833333333333334,0.46697845804988664,0.3531647513156452,GIT-base,35,0.24840741,0.22581667,-0.022590742,0.5086446903856925,a police dog sitting next to a police car.
0.761904761904762,0.761904761904762,0.7145928899082569,1.5054075230703297,GIT-base,36,0.30412486,0.27359164,-0.030533224,0.7069100324436799,a man riding a bicycle down a snow covered road.
0.5,0.5,0.38448275862068976,0.2916886733512704,GIT-base,37,0.3098471,0.22321542,-0.08663167,0.6001151325740465,a group of men standing around a car.
0.5555555555555556,0.4545454545454546,0.41333333333333333,0.41519740962269913,GIT-base,38,0.24905464,0.21291019,-0.03614445,0.4734710614183046,a man working on a machine in a factory.
0.4666666666666667,0.3888888888888889,0.2889107450208999,0.07224630172826188,GIT-base,39,0.20442545,0.19404241,-0.01038304,0.34492066809584443,a man and a woman are standing behind a table full of cups.
0.3333333333333333,0.3333333333333333,0.3605769230769231,0.7268465260325887,GIT-base,40,0.26624247,0.19654888,-0.069693595,0.4735445157976564,a couple of people sweeping the ground
0.39999999999999997,0.39999999999999997,0.2112676056338028,0.24817839179680173,GIT-base,41,0.19227396,0.2069777,0.014703736,0.30696379626288167,a car parked in front of a building.
0.5,0.5,0.41296296296296303,0.6062927785762791,GIT-base,42,0.22677982,0.17971636,-0.047063455,0.4373012948428874,a little girl sitting in the grass eating something.
0.380952380952381,0.380952380952381,0.34128440366972473,0.04264559272488296,GIT-base,43,0.20199805,0.22717983,0.02518177,0.34888388745467913,a man in a suit is walking down the street.
0.47058823529411764,0.47058823529411764,0.5136986301369862,0.13235854352690704,GIT-base,44,0.22808805,0.2005919,-0.027496144,0.4542199498702043,a sculpture of a man walking next to a woman.
0.47058823529411764,0.3333333333333333,0.2611019736842105,0.46088370690856006,GIT-base,45,0.2259956,0.20727226,-0.018723339,0.3720049019894647,a bride and groom walk down the street.
0.4444444444444444,0.4444444444444444,0.3537735849056604,0.07956803697280114,GIT-base,46,0.19058345,0.17896813,-0.011615321,0.34092452640220655,a child playing with a toy car.
0.6956521739130435,0.6363636363636364,0.5336896663427275,1.0564258220275162,GIT-base,47,0.2918047,0.27483988,-0.016964823,0.6206285408776103,a dog playing with a ball on the beach.
0.27272727272727276,0.27272727272727276,0.18939393939393942,0.004302182907079435,GIT-base,48,0.20629343,0.20136026,-0.0049331784,0.3055743589094865,a table with a red tablecloth and blue umbrella
0.4800000000000001,0.4210526315789474,0.4505050505050505,0.42702254038044274,GIT-base,49,0.20617914,0.17093867,-0.03524047,0.3872298008657611,a man and a woman sit on a bench.
0.34782608695652173,0.34782608695652173,0.15748031496062992,0.004708533590633465,GIT-base,50,0.13791339,0.23968741,0.10177402,0.17549595589587522,a man holding a tennis racket and a tennis racket
0.2,0.2,0.08620689655172413,9.509244784125311e-05,GIT-base,51,0.16331187,0.26036105,0.09704918,0.18319929045751063,two people are fighting in a boxing ring.
0.28571428571428575,0.28571428571428575,0.2718676122931442,0.23239997397220533,GIT-base,52,0.25450546,0.18330711,-0.071198344,0.4224691816406554,"person, who is the world ' s most famous sport of martial art."
0.41379310344827586,0.3448275862068966,0.24,0.1803197896613007,GIT-base,53,0.27952653,0.25053227,-0.028994262,0.47867595954070263,a man is trying to get a flower from a balcony.
0.5384615384615384,0.5384615384615384,0.4121388815266366,0.7602621704295442,GIT-base,54,0.22467148,0.22691956,0.0022480786,0.44055182654655445,a man in a red jacket and a red coat
0.4615384615384615,0.4615384615384615,0.3703703703703703,0.22787982523014177,GIT-base,55,0.25956368,0.24309792,-0.016465768,0.4875956684757197,a family walking across a street.
0.7142857142857143,0.7142857142857143,0.6371428571428571,0.19579034652406915,GIT-base,56,0.26577887,0.26511502,-0.00066384673,0.6041077119756579,a little boy running down the street.
0.5333333333333333,0.5333333333333333,0.28169014084507044,1.0854707560957595,GIT-base,57,0.22907056,0.20617314,-0.022897422,0.42236038296416123,a dog on a log in a tree
0.5,0.4000000000000001,0.25,0.3904164849604246,GIT-base,58,0.20042337,0.21228515,0.011861771,0.33124214149060205,a man walking across a street with a yellow sign.
0.5714285714285714,0.4999999999999999,0.3126050420168068,0.6186775583492218,GIT-base,59,0.26239428,0.2462463,-0.016147986,0.4894770420629165,a person riding a bike on a bridge over a river.
0.4137931034482759,0.4117647058823529,0.32538659793814434,0.2748858250801272,GIT-base,60,0.27717695,0.22518013,-0.051996812,0.5043743451264001,a man sitting on a lawn chair holding a cup of hot dog food.
0.923076923076923,0.923076923076923,0.8534621578099838,2.706564476447303,GIT-base,61,0.27210632,0.27287707,0.00077074766,0.7019656504335046,a dog running in the snow.
0.5217391304347826,0.36363636363636365,0.5380116959064328,0.6789173907517663,GIT-base,62,0.28230828,0.21435848,-0.0679498,0.5476830969892686,a man in a hat and sunglasses standing next to a crowd of people.
0.6086956521739131,0.5217391304347826,0.5305305305305306,1.5559528938364333,GIT-base,63,0.33034444,0.25135553,-0.07898891,0.6752533469304083,a man on skis standing in the snow next to a painting.
0.5,0.5,0.3206896551724139,0.49880639338123156,GIT-base,64,0.25033832,0.26153484,0.011196524,0.46663729296276624,a rock climber climbs up a rock face.
0.36363636363636365,0.2105263157894737,0.23379629629629628,0.03737354550122679,GIT-base,65,0.23036928,0.23262024,0.0022509545,0.35085479934279795,person competes in the women ' s high jump.
0.39999999999999997,0.39999999999999997,0.34307065217391297,0.42435850091985294,GIT-base,66,0.17216581,0.22142085,0.049255043,0.29253310797234067,a man pushing a wheelbarrow with a wheelbarrow full of watermelon
0.37499999999999994,0.37499999999999994,0.15625,0.2441399825633846,GIT-base,67,0.27314323,0.15722941,-0.11591382,0.4550113095881649,workers build a wall of cotton.
0.47058823529411764,0.4117647058823529,0.3024390243902439,0.34771856605712853,GIT-base,68,0.2491417,0.19630274,-0.05283895,0.4429126443685087,a woman looking at the view from the top of a window of a building.
0.41379310344827586,0.41379310344827586,0.28956422018348627,0.10134589184895375,GIT-base,69,0.30730942,0.19385654,-0.11345288,0.5587421444316817,a man walks past a giant red car shaped car
0.4444444444444444,0.4444444444444444,0.4508928571428571,0.5221234725809196,GIT-base,70,0.24451914,0.24498905,0.00046990812,0.46976207732983777,a dog running through a grassy field.
0.6666666666666666,0.6666666666666666,0.5933544303797469,0.6587287889700049,GIT-base,71,0.30098957,0.21640694,-0.08458263,0.6572544790462816,a man sitting in a pink chair with a little girl sitting in it.
0.5882352941176471,0.5882352941176471,0.45925925925925926,0.8546335432686096,GIT-base,72,0.29010534,0.28615633,-0.0039490163,0.5926694807220529,a dog running with a ball in his mouth
0.6363636363636364,0.6,0.5208333333333333,0.9571152552947251,GIT-base,73,0.19055781,0.18263032,-0.007927492,0.40539556407571764,a man and a woman sitting at a table.
0.6956521739130435,0.6,0.6775541946145621,0.9281477383959265,GIT-base,74,0.28468287,0.29299006,0.008307189,0.6276814052414115,a dog jumping to catch a frisbee in the air
0.8333333333333334,0.8333333333333334,0.8066666666666668,1.922317175375298,GIT-base,75,0.25974965,0.24033146,-0.019418195,0.6495911528648539,two men hiking through the snow.
0.14285714285714285,0.14285714285714285,0.07142857142857142,0.001535136348760294,GIT-base,76,0.2797261,0.21855263,-0.061173454,0.4049724042529324,person with the bird house he built.
0.4210526315789474,0.4210526315789474,0.4361263736263736,0.6624980563036676,GIT-base,77,0.23224261,0.17121607,-0.061026543,0.43722630514341443,a man and his dog are sitting on the floor.
0.7407407407407408,0.6666666666666665,0.6068027210884355,2.1683397922697085,GIT-base,78,0.28190672,0.22401959,-0.057887137,0.6212327669767438,a man in a car looking at a map on a map.
0.41379310344827586,0.39999999999999997,0.34307065217391297,0.41901150132267484,GIT-base,79,0.22196364,0.20658202,-0.015381619,0.3935527632010071,a person standing in front of a lake with a kite
0.588235294117647,0.47058823529411764,0.4597938144329897,0.603154223402118,GIT-base,80,0.2172029,0.2066049,-0.010598004,0.4213574229765941,a woman sitting next to a baby.
0.6363636363636364,0.3636363636363637,0.4543245869776481,0.5940886049629588,GIT-base,81,0.28018638,0.2315799,-0.048606485,0.5266412076334248,a police car parked in front of a station.
1.0,1.0,0.9976851851851852,1.9432243933086168,GIT-base,82,0.24746147,0.2504667,0.0030052364,0.6962004383618281,a dog splashing in the water.
0.5263157894736842,0.5263157894736842,0.4481927710843373,0.13860320049538297,GIT-base,83,0.24262717,0.23547652,-0.00715065,0.481758286184904,a man on a sled with a sled in the snow.
0.7692307692307692,0.7692307692307692,0.6463768115942029,2.112525440465524,GIT-base,84,0.28680634,0.2812941,-0.0055122375,0.6595997542668588,two dogs playing on the beach.
0.3333333333333333,0.3333333333333333,0.14084507042253522,0.4300304560913826,GIT-base,85,0.21589938,0.20289987,-0.012999505,0.32747237143163876,a skier is skiing on a large ice.
0.625,0.625,0.5041666666666667,0.9447324957599307,GIT-base,86,0.20928681,0.17649044,-0.032796368,0.4450557967224257,a family walking through a field
0.5714285714285714,0.5714285714285714,0.4508928571428571,0.7446095617642181,GIT-base,87,0.29571295,0.2780907,-0.017622262,0.5990104174681098,a man shoveling snow on a street
0.42105263157894735,0.42105263157894735,0.47108208955223874,0.5137422379814847,GIT-base,88,0.27206865,0.2258546,-0.046214044,0.5250083610185114,a man and a woman standing next to each other near a cake.
0.7058823529411765,0.7058823529411765,0.66167290886392,0.6242879221275137,GIT-base,89,0.2584991,0.25411367,-0.0043854117,0.5925653147052761,a group of people standing in the snow.
0.7777777777777777,0.7777777777777777,0.6476468138275718,1.248043510250771,GIT-base,90,0.20909439,0.22978148,0.020687088,0.5039170420303034,a dog holding a toy in its mouth.
0.37499999999999994,0.25,0.15625,0.3864272085376248,GIT-base,91,0.24423762,0.20289353,-0.04134409,0.37137351133812885,a market with vegetables and potatoes.
0.5714285714285714,0.5714285714285714,0.42825838414634143,0.2396170621448659,GIT-base,92,0.2736524,0.17288156,-0.100770846,0.5497316060590504,a man in a yellow shirt is singing with a microphone.
0.5555555555555556,0.4444444444444445,0.25510204081632654,0.3106233231330604,GIT-base,93,0.31165275,0.28982526,-0.02182749,0.5667908377910559,a boy doing a trick on a skateboard.
0.6363636363636365,0.6363636363636365,0.5612244897959183,1.2355514490839978,GIT-base,94,0.28677878,0.22856557,-0.058213204,0.6159399407435378,a man and a young boy paddling a kayak on a lake.
0.43478260869565216,0.35714285714285715,0.3585185185185185,0.6152527622370718,GIT-base,95,0.2615279,0.26969594,0.008168042,0.468330767580156,a woman and a boy sitting on a bench.
0.23529411764705882,0.23529411764705882,0.10309278350515463,2.7277795176950105e-06,GIT-base,96,0.13113068,0.19813004,0.06699936,0.12835268027025354,a man standing next to a dog.
0.5263157894736842,0.5263157894736842,0.5512152777777778,1.6175063710149729,GIT-base,97,0.2538611,0.20769997,-0.04616113,0.5251518778424042,a man and a woman working on a roof.
0.56,0.56,0.41483259970654923,0.47563522659963164,GIT-base,98,0.2848822,0.26437595,-0.020506233,0.5675414217014407,two men sitting on a bench with luggage bags.
0.5185185185185185,0.4,0.32710280373831774,0.5268315269915239,GIT-base,99,0.2308557,0.25449342,0.023637712,0.40839758422094413,a man laying on a couch with a pillow and a bottle of water in his hand.
0.45454545454545453,0.45454545454545453,0.43725490196078437,0.7820675881991274,GIT-base,100,0.3424106,0.25378564,-0.088624954,0.6676368340140395,a boy wearing headphones and headphones while listening to a music band.
0.37499999999999994,0.3529411764705882,0.2662037037037037,0.23055462951920536,GIT-base,101,0.2438018,0.2330761,-0.010725707,0.4130683965639707,a man holding a rainbow flag.
0.30303030303030304,0.30303030303030304,0.13888888888888887,0.6615041693104874,GIT-base,102,0.2824957,0.24552837,-0.036967337,0.4561175366213095,a man looking at a fish on a tray.
0.0,0.0,0.0,0.0,GIT-base,103,0.2535713,0.1897123,-0.063859,0.309057781940792,person performing at the festival.
0.631578947368421,0.4210526315789474,0.4746835443037974,0.8842255814912838,GIT-base,104,0.28662828,0.21148196,-0.07514632,0.5552642435739052,a group of people sitting on steps
0.33333333333333337,0.33333333333333337,0.2604166666666667,0.004164518504142806,GIT-base,105,0.26487732,0.2611754,-0.0037019253,0.4507431173901824,two dogs playing with a frisbee in the grass.
0.5833333333333334,0.4166666666666667,0.2937420178799489,0.3357713296111763,GIT-base,106,0.2702266,0.23422867,-0.035997927,0.4849263759934904,a young boy kneeling down next to a net with a bat.
0.6666666666666666,0.6666666666666666,0.5201779960104342,0.7532322216560493,GIT-base,107,0.2891296,0.19844326,-0.09068635,0.6185601451719507,a sculpture in front of a building
0.3,0.3,0.3472222222222222,0.11146952239934407,GIT-base,108,0.22959791,0.21674055,-0.012857363,0.3898699166099575,a boy in a cage at the train station
0.5555555555555556,0.4444444444444444,0.41333333333333333,0.5946482793601765,GIT-base,109,0.25613117,0.23961309,-0.016518086,0.48580627899738843,a man is cleaning his tent on the snow.
0.5555555555555556,0.5555555555555556,0.7333333333333334,0.8050526832347225,GIT-base,110,0.25991789,0.20370394,-0.056213945,0.5797102095852171,a group of sheep and a dog walking on a grassy hill.
0.5882352941176471,0.5714285714285715,0.48076923076923084,0.2244487824005042,GIT-base,111,0.22906213,0.18963158,-0.039430544,0.46977813927827095,a man standing in the street
0.7058823529411765,0.7058823529411765,0.6944444444444445,1.7410156297765522,GIT-base,112,0.34406036,0.2992291,-0.044831276,0.7726888322740084,a woman walking with a baby in a stroller.
0.4444444444444444,0.3333333333333333,0.2768640350877193,0.7004640957895549,GIT-base,113,0.26017317,0.22949418,-0.030678988,0.4444897789056776,a fruit stand on a street.
0.8750000000000001,0.8571428571428571,0.9229651162790699,2.6961508410698567,GIT-base,114,0.26153207,0.23573555,-0.025796518,0.6812285510918699,two children eating food at a table.
0.42857142857142855,0.42857142857142855,0.24572649572649571,0.1642967557095359,GIT-base,115,0.23969585,0.14539261,-0.094303235,0.41576968319971164,a boy eating a sandwich
0.12500000000000003,0.12500000000000003,0.04807692307692308,0.000648922833896575,GIT-base,116,0.17318007,0.19396743,0.020787358,0.180591890275708,artist performs with the band.
0.37499999999999994,0.28571428571428575,0.15625,0.2445236096904319,GIT-base,117,0.29968756,0.21668237,-0.08300519,0.49100187772871834,a softball player swinging a bat
0.5925925925925926,0.5925925925925926,0.3206896551724139,0.28893441994613084,GIT-base,118,0.23266456,0.23449513,0.0018305779,0.44930290179868626,a man in a boat on a lake.
0.4,0.4,0.2690058479532163,0.59045878447256,GIT-base,119,0.25012937,0.2289034,-0.021225974,0.4358766685133525,artist plays guitar in concert.
0.5555555555555556,0.5555555555555556,0.45660377358490567,0.18918443054899864,GIT-base,120,0.2386713,0.22209942,-0.01657188,0.4812635784307165,a man is working on a sidewalk.
0.64,0.64,0.5474452554744526,0.43443254728991065,GIT-base,121,0.28537095,0.24255313,-0.042817816,0.6110554452657212,a woman sitting at a table with a plate of food.
0.6666666666666666,0.6666666666666666,0.5439024390243904,1.7493256121163834,GIT-base,122,0.2360968,0.27174604,0.03564924,0.5157229079243281,a woman laying on a red blanket on the ground.
0.4000000000000001,0.4000000000000001,0.37500000000000006,0.6759249326238002,GIT-base,123,0.2177124,0.23023483,0.012522429,0.39131458341247305,a bridge over the river in the city of london
0.4210526315789474,0.36363636363636365,0.2949766355140187,0.055704869794823426,GIT-base,124,0.26701698,0.2546568,-0.012360185,0.46805621707551504,a group of people standing around a monument.
0.7692307692307692,0.7692307692307692,0.7014492753623188,1.355801996300026,GIT-base,125,0.23699516,0.22100797,-0.015987188,0.5695675071210842,a baby in a grassy field.
0.5714285714285714,0.4761904761904762,0.5016339869281046,0.2289798500674753,GIT-base,126,0.2944485,0.24427742,-0.050171077,0.5875459609628344,a man standing next to a dog and a pot of green herbs.
0.34782608695652173,0.34782608695652173,0.3605769230769231,0.06595332984870561,GIT-base,127,0.2375674,0.23362172,-0.0039456785,0.4182729322687805,a group of people sitting on a rock with their backs to the camera.
0.5000000000000001,0.5000000000000001,0.3605769230769231,0.5316857303385041,GIT-base,128,0.24786498,0.17572972,-0.072135255,0.469597341519119,a bridge over a lake
0.5,0.5,0.4043478260869566,1.0313504657592074,GIT-base,129,0.30948353,0.22330849,-0.08617504,0.6033506329015603,a man looks at a large group of people inflatable boats.
0.3478260869565218,0.3076923076923077,0.2298850574712644,0.0481246857948357,GIT-base,130,0.24587296,0.21615839,-0.02971457,0.4009564333374492,a man sitting next to a woman and two children sitting on a blue chairs.
0.42105263157894735,0.42105263157894735,0.16260162601626016,0.15433276138642554,GIT-base,131,0.23409079,0.22759016,-0.0065006316,0.3862705572130595,a man and a woman smiling.
0.5454545454545454,0.5454545454545454,0.43314500941619577,0.32817279917520503,GIT-base,132,0.22122395,0.2046125,-0.016611457,0.43915800461637444,a man playing the flute
0.5,0.5,0.372,0.5225219605603738,GIT-base,133,0.21967044,0.20733306,-0.012337387,0.4146866591975582,a group of people standing around a building with snowmen.
0.36363636363636365,0.36363636363636365,0.208411214953271,0.31003759289002786,GIT-base,134,0.2908921,0.25559923,-0.035292864,0.49917608626155396,a baseball player jumping in the air
0.6666666666666667,0.6666666666666667,0.45795918367346933,0.6777786464611861,GIT-base,135,0.24825932,0.2295901,-0.018669218,0.5232070920680044,a man riding a bicycle down a street.
0.375,0.2857142857142857,0.3194444444444444,0.5975503962855431,GIT-base,136,0.24543408,0.2092759,-0.036158174,0.41358238847147033,person climbs up a ladder to the wall.
0.5714285714285715,0.5714285714285715,0.6048387096774195,0.8864945834056425,GIT-base,137,0.27392322,0.26723915,-0.006684065,0.5855970426003898,a man on a scaffolding on a building
0.4444444444444444,0.4444444444444444,0.17543859649122806,0.02397063434556053,GIT-base,138,0.20443065,0.21844333,0.014012679,0.3333478992220984,a man with a bald head
0.4347826086956522,0.34782608695652173,0.256551724137931,0.18892302879933592,GIT-base,139,0.27161407,0.2578529,-0.013761163,0.46653483061235945,a woman walking across a street with a shopping bag.
0.4761904761904762,0.4761904761904762,0.3872,0.3799337273149039,GIT-base,140,0.27096388,0.16363724,-0.10732664,0.5170183764410616,a person sitting on the ground watching tv
0.7368421052631577,0.7368421052631577,0.6792413935271077,1.9422088228839094,GIT-base,141,0.24611199,0.1896512,-0.056460783,0.577142554262789,a group of people eating food at a table.
0.6896551724137931,0.6896551724137931,0.5681528662420382,1.7890628957779215,GIT-base,142,0.36050212,0.2789349,-0.08156723,0.7775387643102878,a woman carrying a basket of fruit on her head on the beach.
0.2727272727272727,0.2727272727272727,0.36507936507936506,0.0116773445965739,GIT-base,143,0.21947962,0.23076165,0.011282027,0.3674608815207326,"person, a man who has been digging out of the trench for a few weeks ago."
0.3333333333333333,0.3333333333333333,0.14705882352941174,0.06235868608047827,GIT-base,144,0.21701615,0.28802556,0.07100941,0.330980591526182,a boy and a bicycle.
0.4390243902439025,0.3902439024390244,0.25306122448979596,0.08021966050876086,GIT-base,145,0.2315586,0.19319272,-0.038365886,0.39306395399639604,a man and a woman are making a smoke from a container.
0.56,0.5263157894736842,0.530952380952381,0.36758205741042,GIT-base,146,0.29344252,0.20331976,-0.09012276,0.6013939813070643,a person ' s foot in a pink and purple striped shirt
0.3157894736842105,0.21052631578947364,0.1145038167938931,0.06926867948198001,GIT-base,147,0.26897344,0.22562921,-0.04334423,0.4053085153339186,a woman from the tribe
0.4761904761904762,0.4761904761904762,0.29760000000000003,0.183147629775087,GIT-base,148,0.2057044,0.21361274,0.007908329,0.3667133122263101,a man in black with a black robe
0.9565217391304348,0.9565217391304348,0.9880128061946244,2.292036055350888,GIT-base,149,0.32153422,0.26196605,-0.059568167,0.8358339476172395,a group of people sitting on a wall looking at the beach.
0.47619047619047616,0.47619047619047616,0.46890927624872564,0.4121976601539671,GIT-base,150,0.3146935,0.22462171,-0.0900718,0.6220699645289447,a group of hikers on a trail through a canyon.
0.56,0.56,0.3947923997185081,0.4444547315312273,GIT-base,151,0.2397645,0.2537788,0.014014289,0.47200784064773377,a man in a suit standing next to a wall
0.43478260869565216,0.4,0.4189435336976321,0.4084935791736733,GIT-base,152,0.24546638,0.21582755,-0.029638827,0.4564048844093238,two women washing a puddle of water.
0.2285714285714286,0.18604651162790697,0.11821161048689138,0.001427485117578836,GIT-base,153,0.24456932,0.21080218,-0.033767134,0.3516480205495696,a woman sitting on a sidewalk.
0.5,0.42857142857142855,0.29406130268199226,0.24307719181832027,GIT-base,154,0.30976748,0.30989546,0.00012797117,0.567583646842728,a little girl running in the grass with a ball.
0.7142857142857143,0.7142857142857143,0.6371428571428571,0.5754561320871159,GIT-base,155,0.29419714,0.27938,-0.014817148,0.6617568895155738,a young boy plays with a toy.
0.4444444444444445,0.4444444444444445,0.4,0.060356169413856395,GIT-base,156,0.32275856,0.2696967,-0.053061843,0.6182996159299199,two boys are skateboarding on a wall.
0.5714285714285714,0.5714285714285714,0.6914285714285714,1.1533483585982356,GIT-base,157,0.25792882,0.23749699,-0.020431831,0.5704688490084451,two children sitting in the grass eating.
0.5185185185185185,0.380952380952381,0.3126050420168068,0.15356216175464638,GIT-base,158,0.2680626,0.21757397,-0.05048862,0.47716623057277663,a woman sitting in front of a van holding a beer.
0.4166666666666667,0.4166666666666667,0.3875,0.18923442773565968,GIT-base,159,0.21033601,0.19264558,-0.017690435,0.3821842105068706,a man in a hat is talking on a cell phone while riding a bus.
0.5333333333333333,0.5333333333333333,0.5738636363636364,0.6677231538146154,GIT-base,160,0.23893405,0.22485292,-0.014081135,0.5008041243980508,a man paddles a large lake with a large paddle.
0.5217391304347826,0.5217391304347826,0.5723076923076923,0.5281437590074374,GIT-base,161,0.24457864,0.24851891,0.0039402694,0.5096246836705043,a young girl is standing on a surfboard in the ocean.
0.631578947368421,0.631578947368421,0.618131868131868,0.7197036989054031,GIT-base,162,0.28304753,0.25903624,-0.024011284,0.6187952804519508,a woman in a red coat jumping in the air
0.7777777777777778,0.7777777777777778,0.8654513888888888,1.3720180001757867,GIT-base,163,0.22495525,0.26215273,0.037197486,0.5796532158205746,a man and a woman sitting at a table
0.5,0.5,0.42613636363636365,0.573361844033054,GIT-base,164,0.20925805,0.19785698,-0.011401072,0.404391395251955,a plate of food at a restaurant
0.7368421052631579,0.7368421052631579,0.6284569902727446,0.9911275839498362,GIT-base,165,0.29493678,0.24963778,-0.045298994,0.6660314125473297,a group of kids playing on a bed
0.47619047619047616,0.47619047619047616,0.36831683168316837,0.1515812367206602,GIT-base,166,0.25813898,0.23819381,-0.019945174,0.48722522374834626,two men sitting on a ladder talking on a cell phone.
0.4444444444444444,0.4444444444444444,0.2977594339622642,0.09834874543161629,GIT-base,167,0.18167382,0.21390621,0.03223239,0.31164766619085493,a young boy holding a plastic bottle.
0.5714285714285715,0.5714285714285715,0.48076923076923084,0.503502588494755,GIT-base,168,0.21394086,0.21224338,-0.0016974807,0.4391032080252714,two children playing with a ball in the park.
0.380952380952381,0.380952380952381,0.16,0.08541793048476938,GIT-base,169,0.2312188,0.20475522,-0.026463583,0.37190407574825446,a woman taking a picture of a car
0.6363636363636365,0.6363636363636365,0.5952065677966102,0.4024008468096327,GIT-base,170,0.26089332,0.19199426,-0.06889905,0.5702252254810867,a little girl sitting on a couch reading a book.
0.42857142857142855,0.42857142857142855,0.32763532763532766,0.5409547053219053,GIT-base,171,0.21932952,0.21943492,0.00010539591,0.3908364142540191,two women sitting in a chair.
0.625,0.625,0.5575,0.46391784105186695,GIT-base,172,0.28576368,0.20481604,-0.08094764,0.6108630945969407,a group of people running on a street.
0.923076923076923,0.923076923076923,0.9653916211293262,1.845784524913984,GIT-base,173,0.31156117,0.26823455,-0.043326616,0.804389465666854,two dogs playing on a rocky beach.
0.4705882352941177,0.4705882352941177,0.1904761904761905,0.4954655194039409,GIT-base,174,0.26069108,0.2757501,0.015059024,0.4557138095897448,a man jumping over a pool.
0.43478260869565216,0.34782608695652173,0.2100840336134454,0.13183102034888824,GIT-base,175,0.18492594,0.17574692,-0.009179026,0.28138614793648287,a woman stands in front of a building with two doors.
0.8571428571428571,0.8571428571428571,0.754985754985755,1.4882766660263615,GIT-base,176,0.27216244,0.27295646,0.0007940233,0.6691973969385132,a dog running on a beach.
0.6,0.5882352941176471,0.39480452674897115,0.717842768278296,GIT-base,177,0.21173732,0.23260292,0.020865604,0.4208015226365628,a man in a tub with a hat on.
0.5925925925925927,0.5925925925925927,0.39118246687054015,1.306446543315902,GIT-base,178,0.26526502,0.2704843,0.0052192807,0.5295346125005405,a man is sitting on a bench on the sidewalk.
0.3636363636363636,0.35294117647058826,0.27931415929203535,0.22505829047861428,GIT-base,179,0.28465787,0.26244146,-0.02221641,0.4985709101702568,two children climbing a tree.
0.6153846153846153,0.6153846153846153,0.46095238095238095,1.1539054826074704,GIT-base,180,0.28259012,0.23647349,-0.046116635,0.5831926248193275,a person sleeping in a car
0.5454545454545454,0.5454545454545454,0.43314500941619577,0.937897148029402,GIT-base,181,0.32361323,0.22265041,-0.10096282,0.6468644196831091,a woman sleeping in the back seat of a car
0.4,0.32,0.3074380165289256,0.038392047190083226,GIT-base,182,0.20166129,0.17953771,-0.022123575,0.3292409713823291,a man holding a knife in his hand and pointing to a wall.
0.2727272727272727,0.18181818181818182,0.13636363636363635,0.38370720406236003,GIT-base,183,0.25274035,0.24878271,-0.003957644,0.3710084875652571,a group of firefighters standing in front of a fire truck.
0.25,0.25,0.11029411764705882,0.00047406824450151497,GIT-base,184,0.2322235,0.2346691,0.0024456084,0.33781054455972154,a fire truck and a fire truck in the street.
0.3870967741935484,0.35294117647058826,0.36351165980795613,0.5724603960944518,GIT-base,185,0.18350689,0.24835812,0.064851224,0.3102160077317542,a man digging in the sand on the beach
0.4,0.4,0.2373417721518987,0.42114780946606006,GIT-base,186,0.23216482,0.20034154,-0.031823277,0.39310103591455114,two men working on a blue wall.
0.5714285714285713,0.47619047619047616,0.39118246687054015,0.20838249079227616,GIT-base,187,0.3181584,0.25987053,-0.05828786,0.6135534374492099,a man standing behind a counter of magazines and magazines.
0.2222222222222222,0.21428571428571427,0.12195121951219512,0.13140926150061266,GIT-base,188,0.23044495,0.1699997,-0.06044525,0.32939116363832144,a machine is being used to move sand from the ground.
0.6666666666666666,0.6666666666666666,0.625,0.5597767387868761,GIT-base,189,0.26374403,0.24292135,-0.020822674,0.5880274579246324,two men sitting in a kitchen.
0.5714285714285714,0.5714285714285714,0.5016741071428571,0.4812599575208953,GIT-base,190,0.2753921,0.20305556,-0.072336525,0.5679438590719021,a group of friends sitting by the lake in the shade of a tree
0.631578947368421,0.631578947368421,0.5681818181818182,1.1125029929245014,GIT-base,191,0.2585656,0.21670508,-0.04186052,0.5591413551531268,a boy playing in the water at the beach
0.5333333333333333,0.5333333333333333,0.4189435336976321,0.20927404963074508,GIT-base,192,0.25848186,0.24815893,-0.010322928,0.5094746916886581,a man is skiing on a mountain.
0.4210526315789474,0.4210526315789474,0.18691588785046728,0.3217533636710909,GIT-base,193,0.23958012,0.21905008,-0.020530045,0.40226904826072024,a man riding a bike down a street.
0.4,0.2857142857142857,0.20444444444444443,0.23062970124335555,GIT-base,194,0.28749236,0.22106814,-0.06642422,0.4759016404629946,a group of cyclists on a road race.
0.3870967741935483,0.3870967741935483,0.3194444444444444,0.19010802635606283,GIT-base,195,0.25384134,0.22536808,-0.028473258,0.4509138252253022,a boy riding a bicycle down a street.
0.24,0.24,0.09316770186335403,0.0068440970022738265,GIT-base,196,0.22896345,0.20573634,-0.02322711,0.3257719465667577,a group of people standing around a planter.
0.3333333333333333,0.3333333333333333,0.13157894736842105,0.16004786466630883,GIT-base,197,0.2710858,0.21296445,-0.058121353,0.4375700663343035,a team of surgeons
0.64,0.64,0.7142857142857144,0.9383524531008657,GIT-base,198,0.28815308,0.26581377,-0.022339314,0.6500673657484657,a black and white dog jumping in the air with a frisbee in its mouth.
0.5599999999999999,0.5384615384615384,0.4730983302411874,0.6548985679508691,GIT-base,199,0.33204308,0.27298674,-0.05905634,0.6705572478030534,a man laying on his back in the parking lot of a car.
0.5714285714285713,0.380952380952381,0.4748434027076177,0.8616748589364256,Qwen2-VL-2B,0,0.2778866,0.25546986,-0.02241674,0.5295428397091533,Two men in a garden with one wearing a blue shirt.
0.5,0.47058823529411764,0.44592696629213474,0.6616435065858259,Qwen2-VL-2B,1,0.2619924,0.23408389,-0.027908504,0.5094438132964222,A group of men working on a crane.
0.5806451612903226,0.5806451612903226,0.5419461456206863,0.7187111353503979,Qwen2-VL-2B,2,0.2979768,0.27891657,-0.019060224,0.623656816703196,A little girl in a pink dress is standing on a wooden platform in front of a chicken coop.
0.7777777777777777,0.7777777777777777,0.7740169238427077,1.8882727625640099,Qwen2-VL-2B,3,0.30843574,0.28729296,-0.02114278,0.7307144659244009,A man on a ladder is working on a window.
0.608695652173913,0.608695652173913,0.6716861501882306,1.4191519851757755,Qwen2-VL-2B,4,0.26566556,0.2630993,-0.0025662482,0.589668501202282,Two men in a kitchen cooking and one is wearing a black shirt.
0.380952380952381,0.3703703703703704,0.3006535947712418,0.5094137442173062,Qwen2-VL-2B,5,0.22633418,0.21466783,-0.0116663575,0.3880094839361053,A man with a beard and a guitar is talking to another man.
0.9166666666666666,0.9166666666666666,0.9163223140495868,3.7007237768474437,Qwen2-VL-2B,6,0.3445411,0.28885925,-0.055681854,0.8601964984570252,A man is sitting on a chair holding a large stuffed lion.
0.43750000000000006,0.35714285714285715,0.4407596371882086,0.40220512946165277,Qwen2-VL-2B,7,0.34497425,0.3290593,-0.015914947,0.6540578811005433,A woman in a blue shirt and black shorts is talking on her cell phone while roller skating.
0.3888888888888889,0.2777777777777778,0.31794871794871804,0.06836920286734426,Qwen2-VL-2B,8,0.16618378,0.1711979,0.0050141215,0.2509291652865689,"A man and a woman stand in front of a building with a sign that says ""Colonia Seca""."
0.25,0.20689655172413796,0.2662037037037037,0.052417490120623675,Qwen2-VL-2B,9,0.2615451,0.25239658,-0.009148508,0.4198534271383867,A man is doing a trick on a railing with the word Vorsicht on it.
0.47619047619047616,0.380952380952381,0.44158415841584164,0.4037740904265724,Qwen2-VL-2B,10,0.3105614,0.2699332,-0.040628195,0.5891749186076785,A group of young ballerinas are practicing in a dance studio.
0.6086956521739131,0.6086956521739131,0.4810495626822157,0.5737721882355011,Qwen2-VL-2B,11,0.28162667,0.23292336,-0.048703313,0.5839198193369889,Four people jump in the air on a set of stairs.
0.47619047619047616,0.4444444444444444,0.32763532763532766,0.4524018431350494,Qwen2-VL-2B,12,0.27207282,0.27404657,0.0019737482,0.5010058351678321,Two dogs playing on a road.
0.6086956521739131,0.5384615384615385,0.43472183393905506,0.7346681198277663,Qwen2-VL-2B,13,0.27840596,0.24572556,-0.032680407,0.5540739390573495,A man wearing a yellow safety jacket drives a green tractor.
0.8571428571428572,0.8571428571428572,0.8211575489862951,1.6173189843580449,Qwen2-VL-2B,14,0.21697491,0.2130276,-0.0039473176,0.5704785993215242,A group of people standing in front of a bus.
0.5714285714285713,0.5714285714285713,0.40879120879120884,0.9173595657305001,Qwen2-VL-2B,15,0.3312096,0.31273392,-0.018475682,0.6625984332619492,A woman in a black jacket is sifting a cake.
0.6086956521739131,0.5217391304347826,0.4810495626822157,1.2001241391545143,Qwen2-VL-2B,16,0.2992691,0.3118667,0.012597591,0.6023178845178805,A little girl is painting a rainbow on a white wall.
0.7586206896551724,0.7586206896551724,0.6353618832957677,1.522273233305961,Qwen2-VL-2B,17,0.2948594,0.2770447,-0.017814696,0.6716111620365459,A man laying on a bench with a dog next to him.
0.45,0.41379310344827586,0.5569306930693069,0.3807667801454637,Qwen2-VL-2B,18,0.26942024,0.19500397,-0.074416265,0.5353536172805919,"A group of people are sitting in a living room, with a woman in a red shirt playing the piano."
0.6666666666666667,0.5,0.353968253968254,0.6913175551632345,Qwen2-VL-2B,19,0.2644064,0.25483173,-0.0095746815,0.5018314894288656,A group of women playing instruments in a room.
0.6,0.6,0.4732510288065843,0.5160914842300564,Qwen2-VL-2B,20,0.29777393,0.27802378,-0.019750148,0.6133772312750162,A man stands on a rusty bridge at night.
0.5142857142857142,0.45714285714285713,0.3680596817851719,0.2794087331627511,Qwen2-VL-2B,21,0.22139814,0.24595976,0.024561614,0.40883197174127967,A man in a white shirt with a sign on it is standing in a crowd.
1.0,1.0,0.9990234375,3.5654399659480784,Qwen2-VL-2B,22,0.2888414,0.2574178,-0.0314236,0.7804112218984891,A man getting a tattoo on his back.
0.5714285714285713,0.5,0.6201171875,1.3804387933479427,Qwen2-VL-2B,23,0.3317819,0.3155951,-0.016186804,0.6917388676913268,A boy and a girl are sitting on a seesaw.
0.7058823529411765,0.6470588235294117,0.6048387096774194,1.5422994974617392,Qwen2-VL-2B,24,0.2698059,0.27437654,0.004570633,0.5923707367700799,A man in a hard hat and safety vest is standing on a street corner.
0.6363636363636364,0.45454545454545453,0.4359925788497217,0.5356292135170402,Qwen2-VL-2B,25,0.3065006,0.2902255,-0.016275108,0.5945375478152191,A man wearing a hat with a beer logo on it.
0.41379310344827586,0.3448275862068966,0.22560258671369782,0.00971969777907063,Qwen2-VL-2B,26,0.25372568,0.254585,0.00085932016,0.42345698303024165,A woman paints a picture of a city street.
0.5185185185185185,0.4800000000000001,0.4395761741122566,0.3235289318123854,Qwen2-VL-2B,27,0.21950424,0.16443244,-0.0550718,0.4238647261435172,A man in a tank top and green pants is stretching in front of a building.
0.64,0.64,0.672514619883041,0.7154835619624532,Qwen2-VL-2B,28,0.29819784,0.28329957,-0.01489827,0.6620898877860268,A little girl in a pink shirt is climbing a red rope structure.
0.4615384615384615,0.4615384615384615,0.4267310789049919,0.310959661306502,Qwen2-VL-2B,29,0.21785438,0.23682213,0.018967748,0.41425650795510116,A young man in a green jacket holds a small white bird.
0.5517241379310345,0.4444444444444445,0.44285714285714284,0.18501341521416115,Qwen2-VL-2B,30,0.2985154,0.30556375,0.0070483387,0.5776915095092738,A man in a yellow and blue jacket holds a tennis racket.
0.7647058823529411,0.5384615384615384,0.5641247257496177,1.531089358056382,Qwen2-VL-2B,31,0.27233878,0.26767558,-0.004663199,0.5676466505619799,A man in a black jacket and hat is holding a coffee mug in a bathroom.
0.39999999999999997,0.39999999999999997,0.40760869565217384,0.5827109518053318,Qwen2-VL-2B,32,0.24215268,0.25172573,0.009573057,0.4474157493978223,A group of people are standing on a beach at sunset.
0.8571428571428572,0.8571428571428572,0.8745874587458746,2.582257889072959,Qwen2-VL-2B,33,0.26671612,0.26364982,-0.0030663013,0.6820693684789157,A man sitting at a table with a glass of beer.
0.5806451612903225,0.5161290322580646,0.5021482277121375,0.7829041560495399,Qwen2-VL-2B,34,0.29778326,0.29421896,-0.0035642982,0.6024014005031391,A dog running on a grassy field with a white picket fence in the background.
0.4545454545454546,0.3571428571428571,0.2881006006006006,0.5804350843105038,Qwen2-VL-2B,35,0.31704795,0.32171994,0.004671991,0.5668749179940714,A German police officer and his dog stand next to a GRENZWACHE car.
0.7999999999999999,0.7999999999999999,0.7922535211267605,2.075971658929054,Qwen2-VL-2B,36,0.29671612,0.2997207,0.0030045807,0.7150318741521378,A man riding a bike in the snow.
0.5,0.5,0.3796452702702703,0.8203216511351157,Qwen2-VL-2B,37,0.35182786,0.2888778,-0.062950075,0.6843096386174241,A group of men in white shirts and black pants stand around a van.
0.5555555555555556,0.4545454545454546,0.41333333333333333,0.41519740962269913,Qwen2-VL-2B,38,0.24905464,0.24919376,0.00013911724,0.4734710614183046,A man working on a machine in a factory.
0.7142857142857143,0.5,0.48168604651162794,0.20758451111182163,Qwen2-VL-2B,39,0.31535,0.25080672,-0.06454328,0.6307189669301921,A man and a woman working in a candle factory.
0.64,0.64,0.5172413793103449,0.3974189859474717,Qwen2-VL-2B,40,0.28389335,0.24887133,-0.03502202,0.6020172191961617,A man in a blue robe is holding a broom.
0.5294117647058824,0.47058823529411764,0.41218637992831536,0.22771108260282552,Qwen2-VL-2B,41,0.22179669,0.22105895,-0.0007377416,0.42115487651286104,A man in a yellow vest is talking to a man in a white car.
0.742857142857143,0.6285714285714286,0.6141821978926051,1.0697933875198078,Qwen2-VL-2B,42,0.24317564,0.22659016,-0.016585484,0.5365199170844184,A little girl in a pink shirt is sitting in the grass with another little girl.
0.43478260869565216,0.34782608695652173,0.3126050420168068,0.06677767067407395,Qwen2-VL-2B,43,0.25760913,0.22849244,-0.02911669,0.44933512555548827,A group of people are gathered in front of a building.
0.3,0.3,0.16304347826086954,0.00013641897180150872,Qwen2-VL-2B,44,0.19986998,0.2416518,0.041781828,0.2927282138150755,A group of people are standing in front of a building.
0.5882352941176471,0.5263157894736842,0.41682242990654206,0.6608615631256886,Qwen2-VL-2B,45,0.2561828,0.23902777,-0.017155021,0.5029830785895448,A bride and groom stand on a sidewalk.
0.9565217391304348,0.9565217391304348,0.7485875706214691,1.4193377039928663,Qwen2-VL-2B,46,0.3694942,0.3466525,-0.022841692,0.8852403024396258,A boy plays a video game in a McDonald's restaurant.
0.6153846153846153,0.48000000000000004,0.38552989130434784,0.8454059424140403,Qwen2-VL-2B,47,0.27742192,0.27282494,-0.0045969784,0.5305470179656064,A dog with a blue collar and a ball on the beach.
0.5217391304347826,0.5217391304347826,0.5461165048543689,0.6881554740285554,Qwen2-VL-2B,48,0.15741575,0.21258283,0.05516708,0.32756819369125917,A group of people are gathered around a table with a red tablecloth.
0.42857142857142855,0.3636363636363636,0.47450980392156866,0.3432686680858666,Qwen2-VL-2B,49,0.19866899,0.23143962,0.032770634,0.36531243113103734,A man and woman sit on a bench at a bus stop.
0.56,0.4799999999999999,0.49083867123491726,0.45958367485755486,Qwen2-VL-2B,50,0.24824835,0.2551847,0.0069363564,0.4924274081245742,A group of people are sitting at a table with coolers.
0.3703703703703704,0.25,0.2630208333333333,0.16695298767714334,Qwen2-VL-2B,51,0.28652152,0.3076052,0.021083683,0.4785046186118811,A man and a girl in white clothing are practicing martial arts.
0.7368421052631577,0.7368421052631577,0.738954922628392,1.237478212112554,Qwen2-VL-2B,52,0.27769896,0.264367,-0.01333195,0.6531624522007216,A group of people are watching a martial arts match.
0.6,0.4666666666666667,0.5111111111111111,0.6332602245116679,Qwen2-VL-2B,53,0.33137295,0.25946182,-0.07191113,0.6624413967920272,A man in a red shirt is standing on a balcony with a beer bottle.
0.5,0.5,0.5212782787533617,0.718729096542463,Qwen2-VL-2B,54,0.2541915,0.25635287,0.0021613836,0.5145715448296757,A man in a red jacket is looking at his cell phone.
0.6,0.5,0.7401315789473685,0.8493262206943613,Qwen2-VL-2B,55,0.26160648,0.2703468,0.008740306,0.5733842329621727,Two men walking down the street with a little girl on their shoulders.
0.47368421052631576,0.42105263157894735,0.40350877192982454,0.5284534755523971,Qwen2-VL-2B,56,0.31471038,0.26418024,-0.050530136,0.5979965133223988,A young boy wearing a blue and white shirt and jeans is standing in front of a black pole.
0.7142857142857143,0.7142857142857143,0.8035714285714286,1.2492789422615822,Qwen2-VL-2B,57,0.27365038,0.27275878,-0.0008915961,0.6533615324494033,A dog is jumping over a log.
0.6666666666666666,0.6666666666666666,0.5115685096153847,1.9532582495847026,Qwen2-VL-2B,58,0.29725024,0.2650261,-0.03222415,0.6333117129261572,A man in a suit runs across a street in front of a crowd.
0.7586206896551724,0.6896551724137931,0.6824665350010973,1.610430478784978,Qwen2-VL-2B,59,0.27091432,0.23350017,-0.03741415,0.6186640829372254,A man in a red shirt rides a bike over a bridge.
0.4347826086956522,0.4347826086956522,0.31562500000000004,0.028997324528156065,Qwen2-VL-2B,60,0.27221322,0.28889844,0.016685218,0.4969562147316671,A man in a Dunedin shirt is having a picnic.
0.6,0.6,0.7401315789473685,1.3003458021606142,Qwen2-VL-2B,61,0.27394545,0.27150467,-0.0024407804,0.6184150029819813,A dog running in the snow with a brown spot on its back.
0.39999999999999997,0.39999999999999997,0.3835051546391753,0.07600185501647803,Qwen2-VL-2B,62,0.23693399,0.24123342,0.004299432,0.4320084414368283,A group of people are standing on a street corner with a sign that says Metro.
0.4999999999999999,0.41666666666666663,0.39821428571428563,0.7049868155761607,Qwen2-VL-2B,63,0.36466292,0.31726182,-0.0474011,0.6973939098562296,A man on skis is standing in front of a display of paintings.
0.4444444444444444,0.42857142857142855,0.4891304347826087,0.7520056583738193,Qwen2-VL-2B,64,0.3007656,0.25834006,-0.042425543,0.5883362990476595,A man in a red shirt is leading a group of climbers up a rock wall.
0.6363636363636364,0.6363636363636364,0.738016136687233,2.1762684769776737,Qwen2-VL-2B,65,0.31859627,0.31806988,-0.0005263984,0.7158430960075716,A gymnast in a red and orange leotard is performing on a balance beam.
0.43478260869565216,0.43478260869565216,0.3126050420168068,0.3395572851789083,Qwen2-VL-2B,66,0.23699965,0.28244832,0.045448676,0.4249181271015322,A child is playing with a toy car in a backyard.
0.5,0.42857142857142855,0.4803206997084548,1.4814846291641994,Qwen2-VL-2B,67,0.2808993,0.21965298,-0.061246306,0.5462736315785719,A truck is loaded with cotton and people are standing on top of it.
0.7826086956521738,0.6086956521739131,0.6442577030812325,1.4642152550314071,Qwen2-VL-2B,68,0.27379748,0.3179164,0.04411891,0.6006791899618827,A woman in a red jacket is looking through a telescope.
0.6428571428571429,0.5714285714285715,0.5274612219056664,0.1691872386365207,Qwen2-VL-2B,69,0.2703793,0.2575565,-0.012822807,0.5629323786725042,A man in a suit stands in front of a red sculpture.
0.6666666666666667,0.6666666666666667,0.8848012889366274,1.150408543116408,Qwen2-VL-2B,70,0.34547946,0.31506705,-0.030412406,0.8057958379492685,A dog is running on a green lawn with a hose spraying water.
0.75,0.625,0.6317148760330579,1.4850419183890158,Qwen2-VL-2B,71,0.34872302,0.33645684,-0.012266189,0.7534251042310103,A man and a little girl sit in a pink shopping cart in a grocery store.
0.5185185185185186,0.5185185185185186,0.4118337982675084,0.8678515712990233,Qwen2-VL-2B,72,0.25754645,0.2762009,0.018654436,0.503192222353412,A dog is running on the grass with a ball in the air.
0.8148148148148148,0.7407407407407408,0.7314995899312345,1.4735647705986568,Qwen2-VL-2B,73,0.18391475,0.22991356,0.04599881,0.46220088889011324,A man sitting at a table with a glass of water and a straw.
0.7,0.6956521739130435,0.7047730144843005,1.9612718932858755,Qwen2-VL-2B,74,0.31832036,0.28189635,-0.03642401,0.7204924695196555,A dog jumping in the air to catch a ball.
0.8571428571428571,0.8571428571428571,0.9655017921146953,2.8692592620427346,Qwen2-VL-2B,75,0.27866372,0.26531404,-0.013349682,0.7244890857616768,Two men hiking in the snow with backpacks.
0.6896551724137931,0.6896551724137931,0.5406060606060606,0.5939800567858706,Qwen2-VL-2B,76,0.29490486,0.2853002,-0.009604663,0.6389590907531528,A man with a beard and glasses is holding a wooden box.
0.4210526315789474,0.36842105263157887,0.49306930693069306,0.32573323930323483,Qwen2-VL-2B,77,0.26782393,0.23214428,-0.035679653,0.5102686794020712,A man in a green hoodie sits on the floor with a dog and a man in a tan jumpsuit.
0.8484848484848485,0.7567567567567567,0.6944732207603853,2.795898228064779,Qwen2-VL-2B,78,0.29156828,0.2821077,-0.009460568,0.6763842716145171,A man in a red shirt and a hat is looking at a map in a car.
0.4545454545454546,0.3636363636363637,0.26595744680851063,0.3251249936494167,Qwen2-VL-2B,79,0.28428462,0.2390641,-0.045220524,0.4972814434633164,A boy in a black shirt is throwing a rock into a lake.
0.5925925925925927,0.4799999999999999,0.40613072519083976,1.0562829453378808,Qwen2-VL-2B,80,0.26993278,0.2608686,-0.009064168,0.5194747399956834,A woman and man sit under a tree with a baby in a stroller.
0.3,0.23076923076923075,0.15,0.18922904964335496,Qwen2-VL-2B,81,0.30726108,0.29495972,-0.012301356,0.49412646484148304,A police car with the word Grenzwache on the side.
0.6666666666666665,0.6666666666666665,0.7957957957957957,1.2771581265010479,Qwen2-VL-2B,82,0.289045,0.28481343,-0.004231572,0.673512068119634,A black dog with a red collar runs through the water.
0.5,0.4166666666666667,0.532986111111111,0.27138111790305386,Qwen2-VL-2B,83,0.34483764,0.3270188,-0.017818838,0.6841308035697242,A man is fishing on a frozen lake while another man is standing next to a sled.
0.5714285714285714,0.5714285714285714,0.5314285714285715,1.6703089297245213,Qwen2-VL-2B,84,0.26673502,0.27237523,0.0056402087,0.5563330635182311,Two dogs are running on the beach.
0.5333333333333333,0.5333333333333333,0.4929786392405063,0.7877539911105986,Qwen2-VL-2B,85,0.3006439,0.26116094,-0.03948295,0.6098114150986139,A man in a blue jacket and red helmet is climbing a frozen waterfall.
0.4545454545454546,0.4444444444444445,0.4699029126213592,1.2108099315363137,Qwen2-VL-2B,86,0.250305,0.24839073,-0.0019142628,0.4853012425783245,A group of people walking through a field with trees in the background.
0.5714285714285715,0.5714285714285715,0.48076923076923084,0.8202334504719542,Qwen2-VL-2B,87,0.28069335,0.2786355,-0.0020578504,0.574517009498867,A man shoveling snow in front of a building.
0.6363636363636364,0.6363636363636364,0.5281690140845071,1.9836758707235727,Qwen2-VL-2B,88,0.24001475,0.23941873,-0.00059601665,0.5144635469993101,A bride and groom cut their wedding cake.
0.6666666666666666,0.6666666666666666,0.6264775413711584,0.9035226040342694,Qwen2-VL-2B,89,0.30330992,0.25439322,-0.048916698,0.6685861510075075,A group of people wearing helmets and goggles are standing in the snow.
0.6451612903225806,0.64,0.7418154761904764,1.4649743468179581,Qwen2-VL-2B,90,0.27051622,0.26163992,-0.008876294,0.6197952540324566,A black dog is walking through the grass with a blue frisbee in its mouth.
0.43478260869565216,0.43478260869565216,0.33513513513513515,0.31679624758272357,Qwen2-VL-2B,91,0.23023984,0.2547431,0.02450326,0.4157112313451018,A group of people are gathered around a table with various vegetables.
0.6428571428571428,0.6428571428571428,0.5017314062029509,0.2993987387302767,Qwen2-VL-2B,92,0.27781335,0.20713246,-0.07068089,0.5871527898412758,A man in a yellow shirt is singing into a microphone.
0.5,0.5,0.40998931623931617,0.425382985560449,Qwen2-VL-2B,93,0.3046418,0.32415152,0.019509703,0.5946570499238175,A boy is doing a trick on a skateboard in front of a crowd.
0.8,0.8,0.8928571428571429,2.8745408014197196,Qwen2-VL-2B,94,0.29750922,0.29938477,0.0018755496,0.736761476305138,A man and a child in a yellow kayak.
0.47058823529411764,0.4117647058823529,0.46263108987123325,0.11347892395403443,Qwen2-VL-2B,95,0.18644044,0.26722565,0.080785215,0.3477555793955816,A woman in a black skirt stands next to a woman in a striped shirt.
0.4666666666666667,0.4,0.43599257884972165,0.10848139471491197,Qwen2-VL-2B,96,0.26058146,0.26380426,0.0032227933,0.49047707989547173,"A construction worker is working on a street with a sign that says ""On Left Arrow Only No U Turn""."
0.7333333333333334,0.7142857142857143,0.7305194805194806,2.1124059171886147,Qwen2-VL-2B,97,0.2954851,0.26609093,-0.02939418,0.6830449780636556,Two men are working on a roof while another man stands on a ladder.
0.6896551724137931,0.6428571428571429,0.6540540540540539,1.610657690561181,Qwen2-VL-2B,98,0.39699182,0.39549837,-0.001493454,0.8593822242680258,Two men sitting on a bench in front of a billboard for Visilab.
0.5217391304347826,0.4761904761904762,0.41396979503775616,1.0435440574235613,Qwen2-VL-2B,99,0.2419063,0.29627058,0.05436428,0.46342626769844525,A man laying on a couch with a water bottle on the table.
0.5454545454545454,0.5454545454545454,0.5010893246187365,1.0099313915046573,Qwen2-VL-2B,100,0.29320598,0.26184538,-0.031360596,0.5987692751838415,A young boy is wearing headphones and holding hands with a woman.
0.7826086956521738,0.7826086956521738,0.7957957957957958,1.4480674648392093,Qwen2-VL-2B,101,0.23519064,0.25527385,0.020083204,0.5874517641919583,A group of people are marching down the street holding rainbow flags.
0.380952380952381,0.22222222222222224,0.1834862385321101,0.6430295910993105,Qwen2-VL-2B,102,0.32550052,0.30802545,-0.017475069,0.5361147520727784,A group of men looking at fish in a market.
0.8333333333333333,0.8333333333333333,0.7323529411764707,1.498607315679623,Qwen2-VL-2B,103,0.32676566,0.2822733,-0.044492364,0.7706767687462277,A woman in a green skirt sings into a microphone.
0.8571428571428571,0.8571428571428571,0.7354648095388837,1.391895817779095,Qwen2-VL-2B,104,0.30359393,0.255485,-0.048108935,0.7290549965578743,Four people sitting on the steps of a building.
0.6428571428571429,0.5,0.5180180180180181,1.3182542931721606,Qwen2-VL-2B,105,0.2139645,0.312182,0.0982175,0.4323152237032103,A brown dog and a black dog are sitting on a stone patio.
0.6,0.5882352941176471,0.7211538461538461,0.6120171294253075,Qwen2-VL-2B,106,0.34207827,0.34705612,0.004977852,0.7504804363846687,A young boy in a red jacket with a Kappa patch on his jacket is kneeling in front of a hockey net.
0.7407407407407408,0.6666666666666666,0.6964028776978417,1.108234427749712,Qwen2-VL-2B,107,0.26571956,0.23929034,-0.026429221,0.6063155974227665,A man sits on a bench in front of a large metal sculpture.
0.5789473684210527,0.4210526315789474,0.39122807017543854,0.6724842305270902,Qwen2-VL-2B,108,0.270661,0.24828549,-0.02237551,0.5061819985434812,A young boy in a red hat and blue shirt is standing behind a fence.
0.33333333333333337,0.25,0.16666666666666666,0.24784718791383967,Qwen2-VL-2B,109,0.27437654,0.29532054,0.020944,0.43459652892344913,A group of people are fishing in the snow.
0.7368421052631577,0.5263157894736842,0.738954922628392,1.4504306273721794,Qwen2-VL-2B,110,0.2744577,0.2361834,-0.03827429,0.6044819620248199,A woman is kneeling in a field with three dogs.
0.9473684210526316,0.9473684210526316,0.9041027559546079,2.5300606114222814,Qwen2-VL-2B,111,0.2933651,0.28851047,-0.0048546195,0.7600775157157994,A man stands in front of a tall building.
0.7777777777777777,0.5555555555555556,0.6981085116973618,1.5255736399400177,Qwen2-VL-2B,112,0.32865897,0.3256519,-0.0030070543,0.7121130907923721,A woman pushing a stroller with a baby in it.
0.5454545454545454,0.45454545454545453,0.31525423728813556,0.40957796260913604,Qwen2-VL-2B,113,0.31097946,0.27139834,-0.03958112,0.5794756378530262,A man sits in front of a stand selling coconuts.
0.5925925925925927,0.5263157894736842,0.5472527472527473,0.9655930331754158,Qwen2-VL-2B,114,0.27946353,0.2799381,0.00047457218,0.5762963438545963,A little girl and boy sit at a table eating.
0.3157894736842105,0.3157894736842105,0.2808302808302808,0.17741447019381734,Qwen2-VL-2B,115,0.23890658,0.23407975,-0.004826829,0.3986329401418805,A young boy eating a hot dog at a park.
0.5925925925925927,0.5454545454545454,0.4958010335917313,1.0154149985919687,Qwen2-VL-2B,116,0.2238597,0.22066012,-0.0031995773,0.4570360741035982,A man playing a guitar on a stage with a light shining on him.
0.5714285714285714,0.5714285714285714,0.3011848341232227,0.27046692891587376,Qwen2-VL-2B,117,0.31000313,0.2960512,-0.013951927,0.5980578140494396,A girl in a green uniform swings a bat at a yellow ball.
0.7272727272727273,0.7272727272727273,0.6790983606557376,2.7357224799229307,Qwen2-VL-2B,118,0.26731306,0.25724167,-0.010071397,0.618208473678711,A man in a red life jacket sits in a canoe on a lake.
0.6666666666666666,0.6666666666666666,0.4641544117647058,1.0870643418098123,Qwen2-VL-2B,119,0.27376574,0.25140935,-0.022356391,0.5761883480472869,A man playing a guitar with a star on it.
0.5517241379310345,0.4827586206896552,0.42566287878787884,0.43189574179718526,Qwen2-VL-2B,120,0.2686031,0.22974555,-0.038857535,0.5212354913842296,A man is working on a sidewalk with a yellow caution tape.
0.6000000000000001,0.6000000000000001,0.5794644409667885,0.6538068591481144,Qwen2-VL-2B,121,0.27864453,0.2587629,-0.019881636,0.5958141098893479,A woman sits at a table with a plate of food and a glass of wine.
0.7407407407407406,0.7407407407407406,0.7204347826086956,2.04951850461757,Qwen2-VL-2B,122,0.29683256,0.29149315,-0.005339414,0.6890524795264659,A woman laying on a red blanket in a park with a bike next to her.
0.5384615384615385,0.5384615384615385,0.43472183393905506,1.1826570691961784,Qwen2-VL-2B,123,0.29477224,0.28828928,-0.006482959,0.587274485627617,A person is walking across a bridge with a cloudy sky.
0.6,0.5882352941176471,0.548413427201306,0.6970203858292366,Qwen2-VL-2B,124,0.35627997,0.28412217,-0.0721578,0.744741857378968,A man taking a picture of a bride and groom with a group of men in black suits.
0.5,0.380952380952381,0.36831683168316837,0.21732752942603178,Qwen2-VL-2B,125,0.2670001,0.26218218,-0.004817933,0.48615324119300846,A baby in a striped shirt is kneeling on the grass.
0.5098039215686274,0.43137254901960786,0.46346618357487923,0.23115342783802198,Qwen2-VL-2B,126,0.37342334,0.27802747,-0.09539586,0.7311568186805011,A man wearing glasses and a gray shirt is cooking on a grill with a dog standing next to him.
0.5714285714285713,0.5714285714285713,0.5060506050605059,0.527801399166896,Qwen2-VL-2B,127,0.2695235,0.23039639,-0.03912711,0.5569141762750784,A group of people sitting on a cliff overlooking a valley.
0.5714285714285715,0.5714285714285715,0.43684710351377026,0.690615454510058,Qwen2-VL-2B,128,0.23063895,0.25340235,0.022763401,0.4641924557603452,A group of people are walking across a bridge.
0.5714285714285714,0.4761904761904762,0.3529411764705882,0.46727035932817085,Qwen2-VL-2B,129,0.30598727,0.29381442,-0.012172848,0.5812149023528902,A boy wearing a green jersey watches a group of people in canoes.
0.31818181818181823,0.22727272727272727,0.343070652173913,0.029015336392744954,Qwen2-VL-2B,130,0.28219676,0.29374957,0.011552811,0.4811959314212058,A man sits in a chair with a basket in front of him and a girl sits on his lap.
0.6451612903225806,0.6451612903225806,0.660740740740741,0.47825238486768595,Qwen2-VL-2B,131,0.25807896,0.2405464,-0.017532557,0.5793824082816994,A man and woman are posing for a picture while a man in a pink shirt looks on.
0.6153846153846153,0.5882352941176471,0.5723076923076923,0.6279742180778176,Qwen2-VL-2B,132,0.24591768,0.22744061,-0.018477067,0.5256402730996963,A man in a gray shirt is playing a wooden instrument.
0.47619047619047616,0.47619047619047616,0.24752475247524755,0.5788841231737961,Qwen2-VL-2B,133,0.2735045,0.2692894,-0.0042150915,0.4942372133092672,A group of people are gathered around a snow covered igloo.
0.42857142857142855,0.3571428571428571,0.2881006006006006,0.6265529051808921,Qwen2-VL-2B,134,0.29939264,0.2663353,-0.033057332,0.5310594311042913,A baseball player jumps in the air as a catcher and umpire watch.
0.5217391304347826,0.4375,0.3468406593406593,0.7293138945885067,Qwen2-VL-2B,135,0.2223822,0.23525792,0.012875721,0.4026558509247268,A man riding a bike with a basket on it.
0.7199999999999999,0.7199999999999999,0.6814868804664723,1.5190808666468931,Qwen2-VL-2B,136,0.29053804,0.28482524,-0.005712807,0.6643457192077071,A man on a ladder is putting plaster on a brick wall.
0.625,0.625,0.696875,0.7316604525401426,Qwen2-VL-2B,137,0.30160215,0.29543725,-0.0061649084,0.6708679502773609,A man is working on a scaffolding on a building.
0.5128205128205128,0.48000000000000004,0.4699029126213592,0.9108159529257649,Qwen2-VL-2B,138,0.29286957,0.2726072,-0.02026236,0.5787586467219947,A man with a shaved head and glasses is sitting on a subway.
0.34782608695652173,0.2608695652173913,0.20122484689413825,0.020180838204342102,Qwen2-VL-2B,139,0.22563402,0.26007766,0.03444363,0.3448032302233339,A woman carrying a bag with a Hello Kitty design.
0.5263157894736842,0.5263157894736842,0.49010989010989015,0.9349919693187076,Qwen2-VL-2B,140,0.2663647,0.2729513,0.0065866113,0.5382955339918493,A man is watching a movie on a small television.
0.75,0.75,0.8179012345679012,2.2812394418508766,Qwen2-VL-2B,141,0.2156575,0.21190156,-0.003755942,0.5457262697644574,A group of people are eating at a table.
0.7692307692307693,0.7692307692307693,0.6405844155844156,2.0384258201568075,Qwen2-VL-2B,142,0.2942219,0.29871887,0.004496962,0.6734844518388289,A woman with a bowl of fruit on her head.
0.8750000000000001,0.8750000000000001,0.8272058823529412,1.7152565930706194,Qwen2-VL-2B,143,0.26811272,0.2517896,-0.01632312,0.6789976108784784,A man wearing a gray jacket and blue pants is standing in a hole.
0.41379310344827586,0.3448275862068966,0.29543994861913936,0.302641775682814,Qwen2-VL-2B,144,0.31115067,0.29686284,-0.014287829,0.553916531079532,A group of children pose for a picture with a bicycle.
0.5517241379310344,0.4827586206896552,0.4236577181208054,0.677365145305501,Qwen2-VL-2B,145,0.2653196,0.25993967,-0.0053799152,0.5141735648702492,A man and a woman are standing in a steamy tub in the woods.
0.588235294117647,0.588235294117647,0.610958904109589,1.023575659236164,Qwen2-VL-2B,146,0.27915737,0.30812666,0.028969288,0.6008004028904204,A baby is wearing a purple and white striped shirt.
0.5599999999999999,0.48000000000000004,0.44375889890840053,0.8640321835261431,Qwen2-VL-2B,147,0.2994891,0.29497847,-0.004510641,0.5869582181746845,A woman with corn on her head and beads around her neck.
0.6666666666666667,0.6666666666666667,0.4761494252873564,0.9997444115641123,Qwen2-VL-2B,148,0.25402847,0.25439432,0.0003658533,0.5385484084767269,A man in a black outfit holds a sword in a field.
0.8181818181818182,0.8181818181818182,0.8030303030303031,1.73507840649495,Qwen2-VL-2B,149,0.3065623,0.3028188,-0.0037434995,0.7407975110670317,A group of women sit on a wall overlooking a beach.
0.39999999999999997,0.39999999999999997,0.3472222222222222,0.34829174318003314,Qwen2-VL-2B,150,0.3182243,0.27692342,-0.041300893,0.589657023843187,A group of people hiking through a rocky gorge.
0.6666666666666666,0.5833333333333334,0.5852864583333333,0.8872194837624687,Qwen2-VL-2B,151,0.25149894,0.27232718,0.020828247,0.5385777519959032,A man in a suit stands in front of a white wall.
0.5,0.5,0.75625,0.8308183710943926,Qwen2-VL-2B,152,0.24576332,0.26073745,0.014974132,0.5444685395377247,Two women are sweeping a red floor with a broom.
0.3018867924528302,0.22641509433962265,0.15244448424068768,0.0073023453204521475,Qwen2-VL-2B,153,0.22642083,0.26761064,0.041189805,0.32975238492775405,A woman in a black dress sits on a brick sidewalk next to a flower bed.
0.6451612903225806,0.5806451612903226,0.4251428571428571,0.6619308417584766,Qwen2-VL-2B,154,0.33802125,0.3144793,-0.023541957,0.6815301599827991,A little girl in a dress runs with a ball in a yard.
0.6666666666666666,0.5263157894736842,0.5852864583333333,1.2231914909296757,Qwen2-VL-2B,155,0.304206,0.29480547,-0.009400547,0.6340955756567683,A young boy sits on a brick floor playing with a toy.
0.34782608695652173,0.2962962962962963,0.33333333333333337,0.008979307644780912,Qwen2-VL-2B,156,0.2953225,0.28354114,-0.011781365,0.519680012431422,Two boys are standing on their skateboards in front of a building.
0.6666666666666666,0.6666666666666666,0.5852864583333333,1.5607465016416011,Qwen2-VL-2B,157,0.29939544,0.29226747,-0.0071279705,0.6524070474999051,A boy and a girl sitting on the grass with a cucumber.
0.625,0.4615384615384615,0.5306603773584905,1.2768138580985546,Qwen2-VL-2B,158,0.26217175,0.29906946,0.03689772,0.5249443701078056,A man in an orange shirt is shaking hands with a man in a white shirt.
0.4545454545454546,0.4545454545454546,0.5148936170212766,0.2799947701285133,Qwen2-VL-2B,159,0.27890527,0.23581523,-0.043090045,0.5543379730277029,A man in a black hat and white shirt is driving a trolley.
0.625,0.625,0.605,0.7960117424411237,Qwen2-VL-2B,160,0.27568942,0.26009214,-0.015597284,0.599926501393077,A woman paddles a canoe in a lake.
0.5454545454545455,0.5454545454545455,0.7153712548849327,0.4844036244251329,Qwen2-VL-2B,161,0.23166025,0.2672131,0.03555286,0.5167742767801552,A girl in a pink and white swimsuit is running in the water.
0.631578947368421,0.631578947368421,0.618131868131868,0.49925701235110964,Qwen2-VL-2B,162,0.28661534,0.29532987,0.008714527,0.6260329332226431,A woman in a red coat jumps in the air.
0.6666666666666666,0.6666666666666666,0.8375336021505376,1.2434564177865444,Qwen2-VL-2B,163,0.26704016,0.26882195,0.0017817914,0.6372207064415334,A man and woman sit at a table with food and drinks.
0.4999999999999999,0.3,0.27777777777777773,0.4095319567917576,Qwen2-VL-2B,164,0.22214651,0.22255427,0.00040775537,0.36086515157983223,A table with a plate of food and glasses of water.
0.5217391304347826,0.43478260869565216,0.46046046046046046,1.1260193424673552,Qwen2-VL-2B,165,0.32744896,0.3210333,-0.006415665,0.6379742824311314,A boy and girl are fighting over a pillow on a bed.
0.5263157894736842,0.5263157894736842,0.4508928571428571,0.29578374068203883,Qwen2-VL-2B,166,0.25677526,0.26537198,0.008596718,0.5109990463005099,Two men are working on a building.
0.6,0.6,0.5506172839506173,1.010683893431802,Qwen2-VL-2B,167,0.28486717,0.28254497,-0.002322197,0.6026678882956815,A little boy is mixing something in a bowl.
0.5925925925925926,0.5925925925925926,0.7682539682539684,0.3431005352297307,Qwen2-VL-2B,168,0.2521491,0.23607315,-0.016075954,0.5783420325655303,Two boys run with a ball in a field.
0.3448275862068966,0.33333333333333337,0.15625000000000003,0.08648946358751632,Qwen2-VL-2B,169,0.242791,0.24986947,0.007078469,0.3851055720681138,A woman taking a picture of a car with a mirror.
0.8,0.8,0.7999999999999999,1.3489983350552224,Qwen2-VL-2B,170,0.34169918,0.34057838,-0.0011208057,0.8078335971435346,A little girl sitting on a couch reading a book about train rides.
0.4210526315789474,0.4210526315789474,0.4518072289156627,0.43071940150478416,Qwen2-VL-2B,171,0.2799966,0.25742286,-0.02257374,0.5372360003612923,Two women sitting on chairs with one holding a wooden bowl.
0.47058823529411764,0.47058823529411764,0.46737213403880074,0.44670743430341936,Qwen2-VL-2B,172,0.26806247,0.28978765,0.021725178,0.5260465780181055,A group of people are running down a street.
0.923076923076923,0.923076923076923,0.9653916211293262,1.845784524913984,Qwen2-VL-2B,173,0.31156117,0.31658688,0.0050257146,0.804389465666854,Two dogs playing on a rocky beach.
0.761904761904762,0.761904761904762,0.6443520642201835,2.4185581195964776,Qwen2-VL-2B,174,0.29598507,0.27952066,-0.016464412,0.6763495285155268,A boy jumps off a diving board into a pool.
0.4705882352941177,0.4705882352941177,0.4092548076923077,0.11028339347435553,Qwen2-VL-2B,175,0.18815127,0.18677667,-0.0013746023,0.3523156150207251,"A man in a tank top and sweat pants stands in front of a building with a sign that says ""Accessible Entrance""."
0.6,0.6,0.6084656084656085,0.7409866113239718,Qwen2-VL-2B,176,0.27323648,0.26615882,-0.007077664,0.5906436007784256,A dog running on the beach with its tail in the air.
0.6086956521739131,0.6,0.5157198014340871,1.5688435026964118,Qwen2-VL-2B,177,0.25469935,0.25042444,-0.0042749047,0.534490094620134,A man in a wooden tub with a towel on his lap.
0.6956521739130435,0.6956521739130435,0.6756756756756757,1.2499588232872823,Qwen2-VL-2B,178,0.3166547,0.29105917,-0.025595546,0.7112940681704903,A man sleeps on a bench in front of a city bus.
0.4375,0.4375,0.31111357586512867,0.3380064875532728,Qwen2-VL-2B,179,0.30137953,0.26046884,-0.04091069,0.5557640527486837,Two girls in red shirts and blue pants are standing under a tree.
0.5454545454545454,0.5454545454545454,0.5113636363636364,1.1002287375344597,Qwen2-VL-2B,180,0.28480217,0.293078,0.008275837,0.5837762114699422,A man is sleeping in the back seat of a car.
0.9166666666666666,0.7692307692307692,0.8422865013774105,3.0015818988424545,Qwen2-VL-2B,181,0.33899012,0.2700234,-0.06896672,0.8046414627514488,A woman sleeping in a car with a blue and white blanket.
0.4666666666666667,0.4666666666666667,0.362309480754327,0.38692502817277513,Qwen2-VL-2B,182,0.29250482,0.24316685,-0.04933797,0.5538333622420097,A man in a pink shirt is holding a frying pan in the air.
0.2727272727272727,0.18181818181818182,0.13636363636363635,0.37207294818697045,Qwen2-VL-2B,183,0.25703096,0.20820141,-0.048829556,0.3797124004235534,A group of firefighters stand in front of a fire truck.
0.47619047619047616,0.47619047619047616,0.44158415841584164,0.29668508613778755,Qwen2-VL-2B,184,0.24489012,0.25881457,0.01392445,0.475002110856104,Firemen standing in front of a fire truck with a ladder.
0.5142857142857142,0.4761904761904762,0.43764705882352933,0.7659072472254241,Qwen2-VL-2B,185,0.23774767,0.2400753,0.002327636,0.45972554077661976,A group of people are on the beach with boats in the background.
0.5454545454545454,0.5090909090909091,0.4694736842105263,0.13735585884947776,Qwen2-VL-2B,186,0.26676735,0.25538865,-0.0113787055,0.531540149294017,A man in a hard hat is looking at his phone while another man in a hard hat is standing on a ladder.
0.5454545454545454,0.5333333333333333,0.5009920634920636,0.23992214784701132,Qwen2-VL-2B,187,0.36825904,0.33957016,-0.028688878,0.7485778855274062,A woman behind a counter with magazines and candy.
0.5294117647058824,0.5294117647058824,0.5300453514739227,1.4580040306798072,Qwen2-VL-2B,188,0.2635581,0.21845278,-0.04510531,0.5412083575132138,A man in a hard hat is standing in front of a large machine in a mining operation.
0.4615384615384615,0.3846153846153846,0.4934210526315789,0.2706868059470929,Qwen2-VL-2B,189,0.3005687,0.29849818,-0.0020705163,0.5800037753898121,Two men sitting in a kitchen with a mixer and a large amount of dough.
0.6206896551724138,0.4827586206896552,0.48813589002714297,0.37124076532591893,Qwen2-VL-2B,190,0.24467775,0.25427237,0.009594619,0.48519527053438005,A group of people sitting on a rocky beach with a canoe in the water.
0.6666666666666666,0.6666666666666666,0.5667811679127096,1.1338643112361841,Qwen2-VL-2B,191,0.276027,0.27780584,0.001778841,0.6013008630977327,A young boy in blue shorts is standing on the beach.
0.5555555555555556,0.5555555555555556,0.5902439024390245,0.9615734989592897,Qwen2-VL-2B,192,0.27895817,0.27901787,5.969405e-05,0.5897173612296749,A man on a snow covered mountain with skis on.
0.4444444444444444,0.3703703703703703,0.37077294685990336,0.3526421780871434,Qwen2-VL-2B,193,0.2533157,0.25366804,0.00035235286,0.45676790694742153,A boy is riding a bike down a street with a stop sign in the background.
0.2857142857142857,0.24,0.20444444444444443,0.2131468509236351,Qwen2-VL-2B,194,0.2846592,0.26571083,-0.018948376,0.461011452465065,A group of cyclists race through the rain.
0.5555555555555556,0.5555555555555556,0.7181571815718157,0.9115731105783741,Qwen2-VL-2B,195,0.3259756,0.29864278,-0.027332813,0.7106793500619574,A group of kids riding bikes on a dirt hill.
0.6666666666666666,0.5517241379310345,0.443359375,1.18435684528513,Qwen2-VL-2B,196,0.25181672,0.22080708,-0.031009644,0.5045151476862948,A man and woman are helping an older man with a cane.
0.5217391304347826,0.5217391304347826,0.5380116959064328,0.35476890264339533,Qwen2-VL-2B,197,0.25117975,0.27063733,0.019457579,0.5161564660211425,A group of surgeons in green scrubs and masks are working on a patient.
0.631578947368421,0.631578947368421,0.7499999999999999,1.207460375781852,Qwen2-VL-2B,198,0.29858235,0.29198185,-0.006600499,0.676682767617423,A dog is jumping in the air to catch a yellow frisbee.
0.5714285714285713,0.47619047619047616,0.5497801422289778,0.4591369403945153,Qwen2-VL-2B,199,0.32357475,0.32188398,-0.0016907752,0.6562605825939363,A man laying on the ground in a parking lot with a yellow truck and a white car behind him.
